NOMEFILE,ANNO,TIPO,rounds,liste_sindaco_preferenze_referendum_presidente,DATA,CITTA,id_elections
ballottaggiosindaco21.csv,2021,comunali,run-off,sindaco,2021-10-17,TORINO,ballottaggiosindaco21.csv2021_comunali_run-off_TORINO
amministrative2021_sindaco.csv,2021,comunali,first-round,sindaco,2021-10-03,TORINO,amministrative2021_sindaco.csv2021_comunali_first-round_TORINO
amministrative2021_liste.csv,2021,comunali,first-round,liste,2021-10-03,TORINO,amministrative2021_liste.csv2021_comunali_first-round_TORINO
reg2019_consiglio_voti.csv,2019,regionali,first-round,presidente,2019-05-26,TORINO,reg2019_consiglio_voti.csv2019_regionali_first-round_TORINO
reg2014_consiglio_voti.csv,2014,regionali,first-round,liste,2014-05-25,TORINO,reg2014_consiglio_voti.csv2014_regionali_first-round_TORINO
pol2018_senato_collegi.csv,2018,senato,single-round,liste,2018-03-04,TORINO,pol2018_senato_collegi.csv2018_senato_single-round_TORINO
pol2018_camera_collegi.csv,2018,camera,single-round,liste,2018-03-04,TORINO,pol2018_camera_collegi.csv2018_camera_single-round_TORINO
pol2013_liste_camera.csv,2013,camera,single-round,liste,2013-02-24,TORINO,pol2013_liste_camera.csv2013_camera_single-round_TORINO
pol2013_liste_senato.csv,2013,senato,single-round,liste,2013-02-24,TORINO,pol2013_liste_senato.csv2013_senato_single-round_TORINO
pol2008_camera_voti.csv,2008,camera,single-round,liste,2008-04-13,TORINO,pol2008_camera_voti.csv2008_camera_single-round_TORINO
pol2008_senato_voti.csv,2008,senato,single-round,liste,2008-04-13,TORINO,pol2008_senato_voti.csv2008_senato_single-round_TORINO
pol2006_senato_citta.csv,2006,senato,single-round,liste,2006-04-09,TORINO,pol2006_senato_citta.csv2006_senato_single-round_TORINO
pol2006_camera_citta.csv,2006,camera,single-round,liste,2006-04-09,TORINO,pol2006_camera_citta.csv2006_camera_single-round_TORINO
eur2019_voti_lista.csv,2019,europee,single-round,liste,2019-05-26,TORINO,eur2019_voti_lista.csv2019_europee_single-round_TORINO
eur2014_pref.csv,2014,europee,single-round,liste,2014-05-25,TORINO,eur2014_pref.csv2014_europee_single-round_TORINO
eur2009_parlamento.csv,2009,europee,single-round,liste,2009-06-06,TORINO,eur2009_parlamento.csv2009_europee_single-round_TORINO
prov2009_pres_elezione.csv,2009,provinciali,single-round,presidente,2009-06-06,TORINO,prov2009_pres_elezione.csv2009_provinciali_single-round_TORINO
amm2001_ballottaggio.csv,2001,comunali,run-off,sindaco,2001-05-27,TORINO,amm2001_ballottaggio.csv2001_comunali_run-off_TORINO
amm2001_circ10_elezione.csv,2001,municipali,single-round,liste,2001-05-13,TORINO,amm2001_circ10_elezione.csv2001_municipali_single-round_TORINO
amm2001_circ1_elezione.csv,2001,municipali,single-round,liste,2001-05-13,TORINO,amm2001_circ1_elezione.csv2001_municipali_single-round_TORINO
amm2001_circ2_elezione.csv,2001,municipali,single-round,liste,2001-05-13,TORINO,amm2001_circ2_elezione.csv2001_municipali_single-round_TORINO
amm2001_circ3_elezione.csv,2001,municipali,single-round,liste,2001-05-13,TORINO,amm2001_circ3_elezione.csv2001_municipali_single-round_TORINO
amm2001_circ4_elezione.csv,2001,municipali,single-round,liste,2001-05-13,TORINO,amm2001_circ4_elezione.csv2001_municipali_single-round_TORINO
amm2001_circ5_elezione.csv,2001,municipali,single-round,liste,2001-05-13,TORINO,amm2001_circ5_elezione.csv2001_municipali_single-round_TORINO
amm2001_circ6_elezione.csv,2001,municipali,single-round,liste,2001-05-13,TORINO,amm2001_circ6_elezione.csv2001_municipali_single-round_TORINO
amm2001_circ7_elezione.csv,2001,municipali,single-round,liste,2001-05-13,TORINO,amm2001_circ7_elezione.csv2001_municipali_single-round_TORINO
amm2001_circ8_elezione.csv,2001,municipali,single-round,liste,2001-05-13,TORINO,amm2001_circ8_elezione.csv2001_municipali_single-round_TORINO
amm2001_risultati_elezione_sindaco.csv,2001,comunali,first-round,sindaco,2001-05-13,TORINO,amm2001_risultati_elezione_sindaco.csv2001_comunali_first-round_TORINO
amm2006_consiglio_elezione.csv,2006,comunali,single-round,liste,2006-05-28,TORINO,amm2006_consiglio_elezione.csv2006_comunali_single-round_TORINO
amm2006_risultati_sindaco.csv,2006,comunali,first-round,sindaco,2006-05-28,TORINO,amm2006_risultati_sindaco.csv2006_comunali_first-round_TORINO
amm2011_consiglio_elezione.csv,2011,comunali,single-round,liste,2011-05-15,TORINO,amm2011_consiglio_elezione.csv2011_comunali_single-round_TORINO
amm2011_sindaco_elezione.csv,2011,comunali,single-round,liste,2011-05-15,TORINO,amm2011_sindaco_elezione.csv2011_comunali_single-round_TORINO
amm2016_sindaco_ballottaggio.csv,2016,comunali,run-off,sindaco,2016-06-19,TORINO,amm2016_sindaco_ballottaggio.csv2016_comunali_run-off_TORINO
amm2016_sindaco_citta.csv,2016,comunali,first-round,sindaco,2016-06-05,TORINO,amm2016_sindaco_citta.csv2016_comunali_first-round_TORINO
amm2016_preferenze.csv,2016,comunali,single-round,preferenze,2016-06-05,TORINO,amm2016_preferenze.csv2016_comunali_single-round_TORINO
amm2016_circ1_elezione.csv,2016,municipali,single-round,liste,2016-06-05,TORINO,amm2016_circ1_elezione.csv2016_municipali_single-round_TORINO
amm2016_circ1_preferenze.csv,2016,municipali,single-round,preferenze,2016-06-05,TORINO,amm2016_circ1_preferenze.csv2016_municipali_single-round_TORINO
amm2016_circ2_elezione.csv,2016,municipali,single-round,liste,2016-06-05,TORINO,amm2016_circ2_elezione.csv2016_municipali_single-round_TORINO
amm2016_circ2_preferenze.csv,2016,municipali,single-round,preferenze,2016-06-05,TORINO,amm2016_circ2_preferenze.csv2016_municipali_single-round_TORINO
amm2016_circ3_elezione.csv,2016,municipali,single-round,liste,2016-06-05,TORINO,amm2016_circ3_elezione.csv2016_municipali_single-round_TORINO
amm2016_circ3_preferenze.csv,2016,municipali,single-round,preferenze,2016-06-05,TORINO,amm2016_circ3_preferenze.csv2016_municipali_single-round_TORINO
amm2016_circ4_elezione.csv,2016,municipali,single-round,liste,2016-06-05,TORINO,amm2016_circ4_elezione.csv2016_municipali_single-round_TORINO
amm2016_circ4_preferenze.csv,2016,municipali,single-round,preferenze,2016-06-05,TORINO,amm2016_circ4_preferenze.csv2016_municipali_single-round_TORINO
amm2016_circ5_elezione.csv,2016,municipali,single-round,liste,2016-06-05,TORINO,amm2016_circ5_elezione.csv2016_municipali_single-round_TORINO
amm2016_circ5_preferenze.csv,2016,municipali,single-round,preferenze,2016-06-05,TORINO,amm2016_circ5_preferenze.csv2016_municipali_single-round_TORINO
amm2016_circ6_elezione.csv,2016,municipali,single-round,liste,2016-06-05,TORINO,amm2016_circ6_elezione.csv2016_municipali_single-round_TORINO
amm2016_circ6_preferenze.csv,2016,municipali,single-round,preferenze,2016-06-05,TORINO,amm2016_circ6_preferenze.csv2016_municipali_single-round_TORINO
amm2016_circ7_elezione.csv,2016,municipali,single-round,liste,2016-06-05,TORINO,amm2016_circ7_elezione.csv2016_municipali_single-round_TORINO
amm2016_circ7_preferenze.csv,2016,municipali,single-round,preferenze,2016-06-05,TORINO,amm2016_circ7_preferenze.csv2016_municipali_single-round_TORINO
amm2016_circ8_elezione.csv,2016,municipali,single-round,liste,2016-06-05,TORINO,amm2016_circ8_elezione.csv2016_municipali_single-round_TORINO
amm2016_circ8_preferenze.csv,2016,municipali,single-round,preferenze,2016-06-05,TORINO,amm2016_circ8_preferenze.csv2016_municipali_single-round_TORINO
liste_regionali2005.csv,2005,regionali,single-round,liste,2005-04-03,ROMA,liste_regionali2005.csv2005_regionali_single-round_ROMA
camera_2006.csv,2006,camera,single-round,liste,2006-04-09,ROMA,camera_2006.csv2006_camera_single-round_ROMA
comunali_sindaco_2008.csv,2008,comunali,first-round,sindaco,2008-04-13,ROMA,comunali_sindaco_2008.csv2008_comunali_first-round_ROMA
comunali_sindaco_ballotagio_2008.csv,2008,comunali,run-off,sindaco,2008-04-27,ROMA,comunali_sindaco_ballotagio_2008.csv2008_comunali_run-off_ROMA
camera_2008.csv,2008,camera,single-round,liste,2008-04-13,ROMA,camera_2008.csv2008_camera_single-round_ROMA
europee_liste_2009.csv,2009,europee,single-round,liste,2009-06-06,ROMA,europee_liste_2009.csv2009_europee_single-round_ROMA
comunali_sindaco_2013.csv,2013,comunali,first-round,sindaco,2013-05-26,ROMA,comunali_sindaco_2013.csv2013_comunali_first-round_ROMA
comunali_sindaco_ballotagio_2013.csv,2013,comunali,run-off,sindaco,2013-06-10,ROMA,comunali_sindaco_ballotagio_2013.csv2013_comunali_run-off_ROMA
camera_2013.csv,2013,camera,single-round,liste,2013-02-24,ROMA,camera_2013.csv2013_camera_single-round_ROMA
europee_liste_2014.csv,2014,europee,single-round,liste,2014-05-25,ROMA,europee_liste_2014.csv2014_europee_single-round_ROMA
comunali_sindaco_2016.csv,2016,comunali,first-round,sindaco,2016-06-05,ROMA,comunali_sindaco_2016.csv2016_comunali_first-round_ROMA
comunali_presidente_municipio_9_ballotagio_2016.csv,2016,municipali,run-off,presidente,2016-06-19,ROMA,comunali_presidente_municipio_9_ballotagio_2016.csv2016_municipali_run-off_ROMA
comunali_sindaco_ballotagio_2016.csv,2016,comunali,run-off,sindaco,2016-06-19,ROMA,comunali_sindaco_ballotagio_2016.csv2016_comunali_run-off_ROMA
liste_regionali2018.csv,2018,regionali,single-round,liste,2018-03-04,ROMA,liste_regionali2018.csv2018_regionali_single-round_ROMA
camera_2018_plurinominale.csv,2018,camera,single-round,liste,2018-03-04,ROMA,camera_2018_plurinominale.csv2018_camera_single-round_ROMA
preferenze_regionali2018.csv,2018,regionali,single-round,preferenze,2018-03-04,ROMA,preferenze_regionali2018.csv2018_regionali_single-round_ROMA
europee2019.csv,2019,europee,single-round,liste,2019-05-26,ROMA,europee2019.csv2019_europee_single-round_ROMA
comunali_presidente_municipio_1_2021.csv,2021,municipali,first-round,presidente,2021-10-03,ROMA,comunali_presidente_municipio_1_2021.csv2021_municipali_first-round_ROMA
comunali_presidente_municipio_2_2021.csv,2021,municipali,first-round,presidente,2021-10-03,ROMA,comunali_presidente_municipio_2_2021.csv2021_municipali_first-round_ROMA
comunali_presidente_municipio_3_2021.csv,2021,municipali,first-round,presidente,2021-10-03,ROMA,comunali_presidente_municipio_3_2021.csv2021_municipali_first-round_ROMA
comunali_presidente_municipio_4_2021.csv,2021,municipali,first-round,presidente,2021-10-03,ROMA,comunali_presidente_municipio_4_2021.csv2021_municipali_first-round_ROMA
comunali_presidente_municipio_5_2021.csv,2021,municipali,first-round,presidente,2021-10-03,ROMA,comunali_presidente_municipio_5_2021.csv2021_municipali_first-round_ROMA
comunali_presidente_municipio_6_2021.csv,2021,municipali,first-round,presidente,2021-10-03,ROMA,comunali_presidente_municipio_6_2021.csv2021_municipali_first-round_ROMA
comunali_presidente_municipio_7_2021.csv,2021,municipali,first-round,presidente,2021-10-03,ROMA,comunali_presidente_municipio_7_2021.csv2021_municipali_first-round_ROMA
comunali_presidente_municipio_8_2021.csv,2021,municipali,first-round,presidente,2021-10-03,ROMA,comunali_presidente_municipio_8_2021.csv2021_municipali_first-round_ROMA
comunali_presidente_municipio_9_2021.csv,2021,municipali,first-round,presidente,2021-10-03,ROMA,comunali_presidente_municipio_9_2021.csv2021_municipali_first-round_ROMA
comunali_presidente_municipio_12_2021.csv,2021,municipali,first-round,presidente,2021-10-03,ROMA,comunali_presidente_municipio_12_2021.csv2021_municipali_first-round_ROMA
comunali_presidente_municipio_13_2021.csv,2021,municipali,first-round,presidente,2021-10-03,ROMA,comunali_presidente_municipio_13_2021.csv2021_municipali_first-round_ROMA
comunali_presidente_municipio_14_2021.csv,2021,municipali,first-round,presidente,2021-10-03,ROMA,comunali_presidente_municipio_14_2021.csv2021_municipali_first-round_ROMA
comunali_presidente_municipio_15_2021.csv,2021,municipali,first-round,presidente,2021-10-03,ROMA,comunali_presidente_municipio_15_2021.csv2021_municipali_first-round_ROMA
comunali_presidente_ballotaggio_municipio_1_2021.csv,2021,municipali,run-off,presidente,2021-10-17,ROMA,comunali_presidente_ballotaggio_municipio_1_2021.csv2021_municipali_run-off_ROMA
comunali_presidente_ballotaggio_municipio_2_2021.csv,2021,municipali,run-off,presidente,2021-10-17,ROMA,comunali_presidente_ballotaggio_municipio_2_2021.csv2021_municipali_run-off_ROMA
comunali_presidente_ballotaggio_municipio_3_2021.csv,2021,municipali,run-off,presidente,2021-10-17,ROMA,comunali_presidente_ballotaggio_municipio_3_2021.csv2021_municipali_run-off_ROMA
comunali_presidente_ballotaggio_municipio_4_2021.csv,2021,municipali,run-off,presidente,2021-10-17,ROMA,comunali_presidente_ballotaggio_municipio_4_2021.csv2021_municipali_run-off_ROMA
comunali_presidente_ballotaggio_municipio_5_2021.csv,2021,municipali,run-off,presidente,2021-10-17,ROMA,comunali_presidente_ballotaggio_municipio_5_2021.csv2021_municipali_run-off_ROMA
comunali_presidente_ballotaggio_municipio_6_2021.csv,2021,municipali,run-off,presidente,2021-10-17,ROMA,comunali_presidente_ballotaggio_municipio_6_2021.csv2021_municipali_run-off_ROMA
comunali_presidente_ballotaggio_municipio_7_2021.csv,2021,municipali,run-off,presidente,2021-10-17,ROMA,comunali_presidente_ballotaggio_municipio_7_2021.csv2021_municipali_run-off_ROMA
comunali_presidente_ballotaggio_municipio_8_2021.csv,2021,municipali,run-off,presidente,2021-10-17,ROMA,comunali_presidente_ballotaggio_municipio_8_2021.csv2021_municipali_run-off_ROMA
comunali_presidente_ballotaggio_municipio_9_2021.csv,2021,municipali,run-off,presidente,2021-10-17,ROMA,comunali_presidente_ballotaggio_municipio_9_2021.csv2021_municipali_run-off_ROMA
comunali_presidente_ballotaggio_municipio_10_2021.csv,2021,municipali,run-off,presidente,2021-10-17,ROMA,comunali_presidente_ballotaggio_municipio_10_2021.csv2021_municipali_run-off_ROMA
comunali_presidente_ballotaggio_municipio_11_2021.csv,2021,municipali,run-off,presidente,2021-10-17,ROMA,comunali_presidente_ballotaggio_municipio_11_2021.csv2021_municipali_run-off_ROMA
comunali_presidente_ballotaggio_municipio_12_2021.csv,2021,municipali,run-off,presidente,2021-10-17,ROMA,comunali_presidente_ballotaggio_municipio_12_2021.csv2021_municipali_run-off_ROMA
comunali_presidente_ballotaggio_municipio_13_2021.csv,2021,municipali,run-off,presidente,2021-10-17,ROMA,comunali_presidente_ballotaggio_municipio_13_2021.csv2021_municipali_run-off_ROMA
comunali_presidente_ballotaggio_municipio_14_2021.csv,2021,municipali,run-off,presidente,2021-10-17,ROMA,comunali_presidente_ballotaggio_municipio_14_2021.csv2021_municipali_run-off_ROMA
comunali_presidente_ballotaggio_municipio_15_2021.csv,2021,municipali,run-off,presidente,2021-10-17,ROMA,comunali_presidente_ballotaggio_municipio_15_2021.csv2021_municipali_run-off_ROMA
comunali_preferenze_2021_municipio_1_2021.csv,2021,municipali,single-round,preferenze,2021-10-03,ROMA,comunali_preferenze_2021_municipio_1_2021.csv2021_municipali_single-round_ROMA
comunali_preferenze_2021_municipio_2_2021.csv,2021,municipali,single-round,preferenze,2021-10-03,ROMA,comunali_preferenze_2021_municipio_2_2021.csv2021_municipali_single-round_ROMA
comunali_preferenze_2021_municipio_3_2021.csv,2021,municipali,single-round,preferenze,2021-10-03,ROMA,comunali_preferenze_2021_municipio_3_2021.csv2021_municipali_single-round_ROMA
comunali_preferenze_2021_municipio_4_2021.csv,2021,municipali,single-round,preferenze,2021-10-03,ROMA,comunali_preferenze_2021_municipio_4_2021.csv2021_municipali_single-round_ROMA
comunali_preferenze_2021_municipio_5_2021.csv,2021,municipali,single-round,preferenze,2021-10-03,ROMA,comunali_preferenze_2021_municipio_5_2021.csv2021_municipali_single-round_ROMA
comunali_preferenze_2021_municipio_6_2021.csv,2021,municipali,single-round,preferenze,2021-10-03,ROMA,comunali_preferenze_2021_municipio_6_2021.csv2021_municipali_single-round_ROMA
comunali_preferenze_2021_municipio_7_2021.csv,2021,municipali,single-round,preferenze,2021-10-03,ROMA,comunali_preferenze_2021_municipio_7_2021.csv2021_municipali_single-round_ROMA
comunali_preferenze_2021_municipio_8_2021.csv,2021,municipali,single-round,preferenze,2021-10-03,ROMA,comunali_preferenze_2021_municipio_8_2021.csv2021_municipali_single-round_ROMA
comunali_preferenze_2021_municipio_9_2021.csv,2021,municipali,single-round,preferenze,2021-10-03,ROMA,comunali_preferenze_2021_municipio_9_2021.csv2021_municipali_single-round_ROMA
comunali_preferenze_2021_municipio_10_2021.csv,2021,municipali,single-round,preferenze,2021-10-03,ROMA,comunali_preferenze_2021_municipio_10_2021.csv2021_municipali_single-round_ROMA
comunali_preferenze_2021_municipio_11_2021.csv,2021,municipali,single-round,preferenze,2021-10-03,ROMA,comunali_preferenze_2021_municipio_11_2021.csv2021_municipali_single-round_ROMA
comunali_preferenze_2021_municipio_12_2021.csv,2021,municipali,single-round,preferenze,2021-10-03,ROMA,comunali_preferenze_2021_municipio_12_2021.csv2021_municipali_single-round_ROMA
comunali_preferenze_2021_municipio_13_2021.csv,2021,municipali,single-round,preferenze,2021-10-03,ROMA,comunali_preferenze_2021_municipio_13_2021.csv2021_municipali_single-round_ROMA
comunali_preferenze_2021_municipio_14_2021.csv,2021,municipali,single-round,preferenze,2021-10-03,ROMA,comunali_preferenze_2021_municipio_14_2021.csv2021_municipali_single-round_ROMA
comunali_preferenze_2021_municipio_15_2021.csv,2021,municipali,single-round,preferenze,2021-10-03,ROMA,comunali_preferenze_2021_municipio_15_2021.csv2021_municipali_single-round_ROMA
comunali_liste_municipio_1_2021.csv,2021,municipali,single-round,liste,2021-10-03,ROMA,comunali_liste_municipio_1_2021.csv2021_municipali_single-round_ROMA
comunali_liste_municipio_2_2021.csv,2021,municipali,single-round,liste,2021-10-03,ROMA,comunali_liste_municipio_2_2021.csv2021_municipali_single-round_ROMA
comunali_liste_municipio_3_2021.csv,2021,municipali,single-round,liste,2021-10-03,ROMA,comunali_liste_municipio_3_2021.csv2021_municipali_single-round_ROMA
comunali_liste_municipio_4_2021.csv,2021,municipali,single-round,liste,2021-10-03,ROMA,comunali_liste_municipio_4_2021.csv2021_municipali_single-round_ROMA
comunali_liste_municipio_5_2021.csv,2021,municipali,single-round,liste,2021-10-03,ROMA,comunali_liste_municipio_5_2021.csv2021_municipali_single-round_ROMA
comunali_liste_municipio_6_2021.csv,2021,municipali,single-round,liste,2021-10-03,ROMA,comunali_liste_municipio_6_2021.csv2021_municipali_single-round_ROMA
comunali_liste_municipio_7_2021.csv,2021,municipali,single-round,liste,2021-10-03,ROMA,comunali_liste_municipio_7_2021.csv2021_municipali_single-round_ROMA
comunali_liste_municipio_8_2021.csv,2021,municipali,single-round,liste,2021-10-03,ROMA,comunali_liste_municipio_8_2021.csv2021_municipali_single-round_ROMA
comunali_liste_municipio_9_2021.csv,2021,municipali,single-round,liste,2021-10-03,ROMA,comunali_liste_municipio_9_2021.csv2021_municipali_single-round_ROMA
comunali_liste_municipio_10_2021.csv,2021,municipali,single-round,liste,2021-10-03,ROMA,comunali_liste_municipio_10_2021.csv2021_municipali_single-round_ROMA
comunali_liste_municipio_11_2021.csv,2021,municipali,single-round,liste,2021-10-03,ROMA,comunali_liste_municipio_11_2021.csv2021_municipali_single-round_ROMA
comunali_liste_municipio_12_2021.csv,2021,municipali,single-round,liste,2021-10-03,ROMA,comunali_liste_municipio_12_2021.csv2021_municipali_single-round_ROMA
comunali_liste_municipio_13_2021.csv,2021,municipali,single-round,liste,2021-10-03,ROMA,comunali_liste_municipio_13_2021.csv2021_municipali_single-round_ROMA
comunali_liste_municipio_14_2021.csv,2021,municipali,single-round,liste,2021-10-03,ROMA,comunali_liste_municipio_14_2021.csv2021_municipali_single-round_ROMA
comunali_liste_municipio_15_2021.csv,2021,municipali,single-round,liste,2021-10-03,ROMA,comunali_liste_municipio_15_2021.csv2021_municipali_single-round_ROMA
comunali_preferenze_2021.csv,2021,comunali,single-round,preferenze,2021-10-03,ROMA,comunali_preferenze_2021.csv2021_comunali_single-round_ROMA
comunali_sindaco_lista_2021.csv,2021,comunali,single-round,liste,2021-10-03,ROMA,comunali_sindaco_lista_2021.csv2021_comunali_single-round_ROMA
comunali_sindaco_2021.csv,2021,comunali,first-round,sindaco,2021-10-03,ROMA,comunali_sindaco_2021.csv2021_comunali_first-round_ROMA
comunali_sindaco_ballotagio_2021.csv,2021,comunali,run-off,sindaco,2021-10-17,ROMA,comunali_sindaco_ballotagio_2021.csv2021_comunali_run-off_ROMA
comunali_presidente_municipio_12_ballotagio_2008.csv,2008,municipali,run-off,presidente,2008-04-27,ROMA,comunali_presidente_municipio_12_ballotagio_2008.csv2008_municipali_run-off_ROMA
comunali_presidente_municipio_13_ballotagio_2008.csv,2008,municipali,run-off,presidente,2008-04-27,ROMA,comunali_presidente_municipio_13_ballotagio_2008.csv2008_municipali_run-off_ROMA
comunali_presidente_municipio_18_ballotagio_2008.csv,2008,municipali,run-off,presidente,2008-04-27,ROMA,comunali_presidente_municipio_18_ballotagio_2008.csv2008_municipali_run-off_ROMA
comunali_presidente_municipio_19_ballotagio_2008.csv,2008,municipali,run-off,presidente,2008-04-27,ROMA,comunali_presidente_municipio_19_ballotagio_2008.csv2008_municipali_run-off_ROMA
comunali_presidente_municipio_20_ballotagio_2008.csv,2008,municipali,run-off,presidente,2008-04-27,ROMA,comunali_presidente_municipio_20_ballotagio_2008.csv2008_municipali_run-off_ROMA
comunali_presidente_municipio_2_ballotagio_2008.csv,2008,municipali,run-off,presidente,2008-04-27,ROMA,comunali_presidente_municipio_2_ballotagio_2008.csv2008_municipali_run-off_ROMA
comunali_presidente_municipio_4_ballotagio_2008.csv,2008,municipali,run-off,presidente,2008-04-27,ROMA,comunali_presidente_municipio_4_ballotagio_2008.csv2008_municipali_run-off_ROMA
comunali_presidente_municipio_7_ballotagio_2008.csv,2008,municipali,run-off,presidente,2008-04-27,ROMA,comunali_presidente_municipio_7_ballotagio_2008.csv2008_municipali_run-off_ROMA
comunali_presidente_municipio_8_ballotagio_2008.csv,2008,municipali,run-off,presidente,2008-04-27,ROMA,comunali_presidente_municipio_8_ballotagio_2008.csv2008_municipali_run-off_ROMA
comunali_presidente_municipio_10_ballotagio_2013.csv,2013,municipali,run-off,presidente,2013-06-10,ROMA,comunali_presidente_municipio_10_ballotagio_2013.csv2013_municipali_run-off_ROMA
comunali_presidente_municipio_11_ballotagio_2013.csv,2013,municipali,run-off,presidente,2013-06-10,ROMA,comunali_presidente_municipio_11_ballotagio_2013.csv2013_municipali_run-off_ROMA
comunali_presidente_municipio_13_ballotagio_2013.csv,2013,municipali,run-off,presidente,2013-06-10,ROMA,comunali_presidente_municipio_13_ballotagio_2013.csv2013_municipali_run-off_ROMA
comunali_presidente_municipio_14_ballotagio_2013.csv,2013,municipali,run-off,presidente,2013-06-10,ROMA,comunali_presidente_municipio_14_ballotagio_2013.csv2013_municipali_run-off_ROMA
comunali_presidente_municipio_15_ballotagio_2013.csv,2013,municipali,run-off,presidente,2013-06-10,ROMA,comunali_presidente_municipio_15_ballotagio_2013.csv2013_municipali_run-off_ROMA
comunali_presidente_municipio_1_ballotagio_2013.csv,2013,municipali,run-off,presidente,2013-06-10,ROMA,comunali_presidente_municipio_1_ballotagio_2013.csv2013_municipali_run-off_ROMA
comunali_presidente_municipio_2_ballotagio_2013.csv,2013,municipali,run-off,presidente,2013-06-10,ROMA,comunali_presidente_municipio_2_ballotagio_2013.csv2013_municipali_run-off_ROMA
comunali_presidente_municipio_3_ballotagio_2013.csv,2013,municipali,run-off,presidente,2013-06-10,ROMA,comunali_presidente_municipio_3_ballotagio_2013.csv2013_municipali_run-off_ROMA
comunali_presidente_municipio_4_ballotagio_2013.csv,2013,municipali,run-off,presidente,2013-06-10,ROMA,comunali_presidente_municipio_4_ballotagio_2013.csv2013_municipali_run-off_ROMA
comunali_presidente_municipio_5_ballotagio_2013.csv,2013,municipali,run-off,presidente,2013-06-10,ROMA,comunali_presidente_municipio_5_ballotagio_2013.csv2013_municipali_run-off_ROMA
comunali_presidente_municipio_6_ballotagio_2013.csv,2013,municipali,run-off,presidente,2013-06-10,ROMA,comunali_presidente_municipio_6_ballotagio_2013.csv2013_municipali_run-off_ROMA
comunali_presidente_municipio_7_ballotagio_2013.csv,2013,municipali,run-off,presidente,2013-06-10,ROMA,comunali_presidente_municipio_7_ballotagio_2013.csv2013_municipali_run-off_ROMA
comunali_presidente_municipio_8_ballotagio_2013.csv,2013,municipali,run-off,presidente,2013-06-10,ROMA,comunali_presidente_municipio_8_ballotagio_2013.csv2013_municipali_run-off_ROMA
comunali_presidente_municipio_9_ballotagio_2013.csv,2013,municipali,run-off,presidente,2013-06-10,ROMA,comunali_presidente_municipio_9_ballotagio_2013.csv2013_municipali_run-off_ROMA
comunali_liste_2013.csv,2013,comunali,single-round,liste,2013-05-26,ROMA,comunali_liste_2013.csv2013_comunali_single-round_ROMA
comunali_presidente_municipio_11_ballotagio_2016.csv,2016,municipali,run-off,presidente,2016-06-19,ROMA,comunali_presidente_municipio_11_ballotagio_2016.csv2016_municipali_run-off_ROMA
comunali_presidente_municipio_12_ballotagio_2016.csv,2016,municipali,run-off,presidente,2016-06-19,ROMA,comunali_presidente_municipio_12_ballotagio_2016.csv2016_municipali_run-off_ROMA
comunali_presidente_municipio_13_ballotagio_2016.csv,2016,municipali,run-off,presidente,2016-06-19,ROMA,comunali_presidente_municipio_13_ballotagio_2016.csv2016_municipali_run-off_ROMA
comunali_presidente_municipio_14_ballotagio_2016.csv,2016,municipali,run-off,presidente,2016-06-19,ROMA,comunali_presidente_municipio_14_ballotagio_2016.csv2016_municipali_run-off_ROMA
comunali_presidente_municipio_15_ballotagio_2016.csv,2016,municipali,run-off,presidente,2016-06-19,ROMA,comunali_presidente_municipio_15_ballotagio_2016.csv2016_municipali_run-off_ROMA
comunali_presidente_municipio_1_ballotagio_2016.csv,2016,municipali,run-off,presidente,2016-06-19,ROMA,comunali_presidente_municipio_1_ballotagio_2016.csv2016_municipali_run-off_ROMA
comunali_presidente_municipio_2_ballotagio_2016.csv,2016,municipali,run-off,presidente,2016-06-19,ROMA,comunali_presidente_municipio_2_ballotagio_2016.csv2016_municipali_run-off_ROMA
comunali_presidente_municipio_3_ballotagio_2016.csv,2016,municipali,run-off,presidente,2016-06-19,ROMA,comunali_presidente_municipio_3_ballotagio_2016.csv2016_municipali_run-off_ROMA
comunali_presidente_municipio_4_ballotagio_2016.csv,2016,municipali,run-off,presidente,2016-06-19,ROMA,comunali_presidente_municipio_4_ballotagio_2016.csv2016_municipali_run-off_ROMA
comunali_presidente_municipio_5_ballotagio_2016.csv,2016,municipali,run-off,presidente,2016-06-19,ROMA,comunali_presidente_municipio_5_ballotagio_2016.csv2016_municipali_run-off_ROMA
comunali_presidente_municipio_6_ballotagio_2016.csv,2016,municipali,run-off,presidente,2016-06-19,ROMA,comunali_presidente_municipio_6_ballotagio_2016.csv2016_municipali_run-off_ROMA
comunali_presidente_municipio_7_ballotagio_2016.csv,2016,municipali,run-off,presidente,2016-06-19,ROMA,comunali_presidente_municipio_7_ballotagio_2016.csv2016_municipali_run-off_ROMA
comunali_presidente_municipio_8_ballotagio_2016.csv,2016,municipali,run-off,presidente,2016-06-19,ROMA,comunali_presidente_municipio_8_ballotagio_2016.csv2016_municipali_run-off_ROMA
comunali_liste_2016.csv,2016,comunali,single-round,liste,2016-06-05,ROMA,comunali_liste_2016.csv2016_comunali_single-round_ROMA
comunali_preferenze_2016.csv,2016,comunali,single-round,preferenze,2016-06-05,ROMA,comunali_preferenze_2016.csv2016_comunali_single-round_ROMA
comunali_preferenze_municipio_municipio01_2016.csv,2016,municipali,single-round,preferenze,2016-06-05,ROMA,comunali_preferenze_municipio_municipio01_2016.csv2016_municipali_single-round_ROMA
comunali_preferenze_municipio_municipio02_2016.csv,2016,municipali,single-round,preferenze,2016-06-05,ROMA,comunali_preferenze_municipio_municipio02_2016.csv2016_municipali_single-round_ROMA
comunali_preferenze_municipio_municipio03_2016.csv,2016,municipali,single-round,preferenze,2016-06-05,ROMA,comunali_preferenze_municipio_municipio03_2016.csv2016_municipali_single-round_ROMA
comunali_preferenze_municipio_municipio04_2016.csv,2016,municipali,single-round,preferenze,2016-06-05,ROMA,comunali_preferenze_municipio_municipio04_2016.csv2016_municipali_single-round_ROMA
comunali_preferenze_municipio_municipio05_2016.csv,2016,municipali,single-round,preferenze,2016-06-05,ROMA,comunali_preferenze_municipio_municipio05_2016.csv2016_municipali_single-round_ROMA
comunali_preferenze_municipio_municipio06_2016.csv,2016,municipali,single-round,preferenze,2016-06-05,ROMA,comunali_preferenze_municipio_municipio06_2016.csv2016_municipali_single-round_ROMA
comunali_preferenze_municipio_municipio07_2016.csv,2016,municipali,single-round,preferenze,2016-06-05,ROMA,comunali_preferenze_municipio_municipio07_2016.csv2016_municipali_single-round_ROMA
comunali_preferenze_municipio_municipio08_2016.csv,2016,municipali,single-round,preferenze,2016-06-05,ROMA,comunali_preferenze_municipio_municipio08_2016.csv2016_municipali_single-round_ROMA
comunali_preferenze_municipio_municipio09_2016.csv,2016,municipali,single-round,preferenze,2016-06-05,ROMA,comunali_preferenze_municipio_municipio09_2016.csv2016_municipali_single-round_ROMA
comunali_preferenze_municipio_municipio11_2016.csv,2016,municipali,single-round,preferenze,2016-06-05,ROMA,comunali_preferenze_municipio_municipio11_2016.csv2016_municipali_single-round_ROMA
comunali_preferenze_municipio_municipio12_2016.csv,2016,municipali,single-round,preferenze,2016-06-05,ROMA,comunali_preferenze_municipio_municipio12_2016.csv2016_municipali_single-round_ROMA
comunali_preferenze_municipio_municipio13_2016.csv,2016,municipali,single-round,preferenze,2016-06-05,ROMA,comunali_preferenze_municipio_municipio13_2016.csv2016_municipali_single-round_ROMA
comunali_preferenze_municipio_municipio14_2016.csv,2016,municipali,single-round,preferenze,2016-06-05,ROMA,comunali_preferenze_municipio_municipio14_2016.csv2016_municipali_single-round_ROMA
comunali_preferenze_municipio_municipio15_2016.csv,2016,municipali,single-round,preferenze,2016-06-05,ROMA,comunali_preferenze_municipio_municipio15_2016.csv2016_municipali_single-round_ROMA
liste_europee_2004.csv,2004,europee,single-round,liste,2004-06-12,MILANO,liste_europee_2004.csv2004_europee_single-round_MILANO
liste_provincia_2005.csv,2005,provinciali,single-round,liste,2005-04-03,MILANO,liste_provincia_2005.csv2005_provinciali_single-round_MILANO
liste_regione_2005.csv,2005,regionali,single-round,liste,2005-04-03,MILANO,liste_regione_2005.csv2005_regionali_single-round_MILANO
referendum_accesso_procreazione_2005.csv,2005,referendum,single-round,referendum,2005-06-12,MILANO,referendum_accesso_procreazione_2005.csv2005_referendum_single-round_MILANO
referendum_diritti_procreazione_2005.csv,2005,referendum,single-round,referendum,2005-06-12,MILANO,referendum_diritti_procreazione_2005.csv2005_referendum_single-round_MILANO
referendum_fecondazione_procreazione_2005.csv,2005,referendum,single-round,referendum,2005-06-12,MILANO,referendum_fecondazione_procreazione_2005.csv2005_referendum_single-round_MILANO
referendum_ricerca_procreazione_2005.csv,2005,referendum,single-round,referendum,2005-06-12,MILANO,referendum_ricerca_procreazione_2005.csv2005_referendum_single-round_MILANO
sindaco_comune_2006.csv,2006,comunali,first-round,sindaco,2006-05-28,MILANO,sindaco_comune_2006.csv2006_comunali_first-round_MILANO
liste_camera_2006.csv,2006,camera,single-round,liste,2006-04-09,MILANO,liste_camera_2006.csv2006_camera_single-round_MILANO
liste_municipio_2006municipio_1.csv,2006,municipali,single-round,liste,2006-05-28,MILANO,liste_municipio_2006municipio_1.csv2006_municipali_single-round_MILANO
liste_municipio_2006municipio_8.csv,2006,municipali,single-round,liste,2006-05-28,MILANO,liste_municipio_2006municipio_8.csv2006_municipali_single-round_MILANO
liste_municipio_2006municipio_7.csv,2006,municipali,single-round,liste,2006-05-28,MILANO,liste_municipio_2006municipio_7.csv2006_municipali_single-round_MILANO
liste_municipio_2006municipio_9.csv,2006,municipali,single-round,liste,2006-05-28,MILANO,liste_municipio_2006municipio_9.csv2006_municipali_single-round_MILANO
liste_municipio_2006municipio_4.csv,2006,municipali,single-round,liste,2006-05-28,MILANO,liste_municipio_2006municipio_4.csv2006_municipali_single-round_MILANO
liste_municipio_2006municipio_2.csv,2006,municipali,single-round,liste,2006-05-28,MILANO,liste_municipio_2006municipio_2.csv2006_municipali_single-round_MILANO
liste_municipio_2006municipio_3.csv,2006,municipali,single-round,liste,2006-05-28,MILANO,liste_municipio_2006municipio_3.csv2006_municipali_single-round_MILANO
liste_municipio_2006municipio_5.csv,2006,municipali,single-round,liste,2006-05-28,MILANO,liste_municipio_2006municipio_5.csv2006_municipali_single-round_MILANO
liste_municipio_2006municipio_6.csv,2006,municipali,single-round,liste,2006-05-28,MILANO,liste_municipio_2006municipio_6.csv2006_municipali_single-round_MILANO
liste_senato_2006.csv,2006,senato,single-round,liste,2006-04-09,MILANO,liste_senato_2006.csv2006_senato_single-round_MILANO
liste_camera_2008.csv,2008,camera,single-round,liste,2008-04-13,MILANO,liste_camera_2008.csv2008_camera_single-round_MILANO
liste_senato_2008.csv,2008,senato,single-round,liste,2008-04-13,MILANO,liste_senato_2008.csv2008_senato_single-round_MILANO
liste_europee_2009.csv,2009,europee,single-round,liste,2009-06-06,MILANO,liste_europee_2009.csv2009_europee_single-round_MILANO
liste_provincia_2009.csv,2009,provinciali,single-round,liste,2009-06-06,MILANO,liste_provincia_2009.csv2009_provinciali_single-round_MILANO
liste_provincia_ballottaggio_2009.csv,2009,provinciali,run-off,liste,2009-06-21,MILANO,liste_provincia_ballottaggio_2009.csv2009_provinciali_run-off_MILANO
referendum_abolizione_senato_2009.csv,2009,referendum,single-round,referendum,2009-06-21,MILANO,referendum_abolizione_senato_2009.csv2009_referendum_single-round_MILANO
referendum_cand_multipla_2009.csv,2009,referendum,single-round,referendum,2009-06-21,MILANO,referendum_cand_multipla_2009.csv2009_referendum_single-round_MILANO
referendum_collegamento_2009.csv,2009,referendum,single-round,referendum,2009-06-21,MILANO,referendum_collegamento_2009.csv2009_referendum_single-round_MILANO
liste_provincia_2010.csv,2010,provinciali,single-round,liste,2010-03-28,MILANO,liste_provincia_2010.csv2010_provinciali_single-round_MILANO
liste_regione_2010.csv,2010,regionali,single-round,liste,2010-03-28,MILANO,liste_regione_2010.csv2010_regionali_single-round_MILANO
presidente_municipio_2011municipio_1.csv,2011,municipali,single-round,presidente,2011-05-15,MILANO,presidente_municipio_2011municipio_1.csv2011_municipali_single-round_MILANO
presidente_municipio_2011municipio_2.csv,2011,municipali,single-round,presidente,2011-05-15,MILANO,presidente_municipio_2011municipio_2.csv2011_municipali_single-round_MILANO
presidente_municipio_2011municipio_3.csv,2011,municipali,single-round,presidente,2011-05-15,MILANO,presidente_municipio_2011municipio_3.csv2011_municipali_single-round_MILANO
presidente_municipio_2011municipio_4.csv,2011,municipali,single-round,presidente,2011-05-15,MILANO,presidente_municipio_2011municipio_4.csv2011_municipali_single-round_MILANO
presidente_municipio_2011municipio_5.csv,2011,municipali,single-round,presidente,2011-05-15,MILANO,presidente_municipio_2011municipio_5.csv2011_municipali_single-round_MILANO
presidente_municipio_2011municipio_6.csv,2011,municipali,single-round,presidente,2011-05-15,MILANO,presidente_municipio_2011municipio_6.csv2011_municipali_single-round_MILANO
presidente_municipio_2011municipio_7.csv,2011,municipali,single-round,presidente,2011-05-15,MILANO,presidente_municipio_2011municipio_7.csv2011_municipali_single-round_MILANO
presidente_municipio_2011municipio_8.csv,2011,municipali,single-round,presidente,2011-05-15,MILANO,presidente_municipio_2011municipio_8.csv2011_municipali_single-round_MILANO
presidente_municipio_2011municipio_9.csv,2011,municipali,single-round,presidente,2011-05-15,MILANO,presidente_municipio_2011municipio_9.csv2011_municipali_single-round_MILANO
sindaco_comune_2011.csv,2011,comunali,first-round,sindaco,2011-05-15,MILANO,sindaco_comune_2011.csv2011_comunali_first-round_MILANO
sindaco_comune_ballottaggio_2011.csv,2011,comunali,run-off,sindaco,2011-05-29,MILANO,sindaco_comune_ballottaggio_2011.csv2011_comunali_run-off_MILANO
liste_comune_2011.csv,2011,comunali,single-round,liste,2011-05-15,MILANO,liste_comune_2011.csv2011_comunali_single-round_MILANO
liste_municipio_2011municipio_1.csv,2011,municipali,single-round,liste,2011-05-15,MILANO,liste_municipio_2011municipio_1.csv2011_municipali_single-round_MILANO
liste_municipio_2011municipio_2.csv,2011,municipali,single-round,liste,2011-05-15,MILANO,liste_municipio_2011municipio_2.csv2011_municipali_single-round_MILANO
liste_municipio_2011municipio_3.csv,2011,municipali,single-round,liste,2011-05-15,MILANO,liste_municipio_2011municipio_3.csv2011_municipali_single-round_MILANO
liste_municipio_2011municipio_4.csv,2011,municipali,single-round,liste,2011-05-15,MILANO,liste_municipio_2011municipio_4.csv2011_municipali_single-round_MILANO
liste_municipio_2011municipio_5.csv,2011,municipali,single-round,liste,2011-05-15,MILANO,liste_municipio_2011municipio_5.csv2011_municipali_single-round_MILANO
liste_municipio_2011municipio_6.csv,2011,municipali,single-round,liste,2011-05-15,MILANO,liste_municipio_2011municipio_6.csv2011_municipali_single-round_MILANO
liste_municipio_2011municipio_7.csv,2011,municipali,single-round,liste,2011-05-15,MILANO,liste_municipio_2011municipio_7.csv2011_municipali_single-round_MILANO
liste_municipio_2011municipio_8.csv,2011,municipali,single-round,liste,2011-05-15,MILANO,liste_municipio_2011municipio_8.csv2011_municipali_single-round_MILANO
liste_municipio_2011municipio_9.csv,2011,municipali,single-round,liste,2011-05-15,MILANO,liste_municipio_2011municipio_9.csv2011_municipali_single-round_MILANO
referendum_acqua_privatizzazione_2011.csv,2011,referendum,single-round,referendum,2011-06-12,MILANO,referendum_acqua_privatizzazione_2011.csv2011_referendum_single-round_MILANO
referendum_acqua_tariffe_2011.csv,2011,referendum,single-round,referendum,2011-06-12,MILANO,referendum_acqua_tariffe_2011.csv2011_referendum_single-round_MILANO
referendum_expo_2011.csv,2011,referendum,single-round,referendum,2011-06-12,MILANO,referendum_expo_2011.csv2011_referendum_single-round_MILANO
referendum_impedimento_2011.csv,2011,referendum,single-round,referendum,2011-06-12,MILANO,referendum_impedimento_2011.csv2011_referendum_single-round_MILANO
referendum_navigli_2011.csv,2011,referendum,single-round,referendum,2011-06-12,MILANO,referendum_navigli_2011.csv2011_referendum_single-round_MILANO
referendum_nucleare_2011.csv,2011,referendum,single-round,referendum,2011-06-12,MILANO,referendum_nucleare_2011.csv2011_referendum_single-round_MILANO
referendum_risparimo_energetico_2011.csv,2011,referendum,single-round,referendum,2011-06-12,MILANO,referendum_risparimo_energetico_2011.csv2011_referendum_single-round_MILANO
referendum_traffico_2011.csv,2011,referendum,single-round,referendum,2011-06-12,MILANO,referendum_traffico_2011.csv2011_referendum_single-round_MILANO
referendum_verde_2011.csv,2011,referendum,single-round,referendum,2011-06-12,MILANO,referendum_verde_2011.csv2011_referendum_single-round_MILANO
camera_liste_2013.csv,2013,camera,single-round,liste,2013-02-24,MILANO,camera_liste_2013.csv2013_camera_single-round_MILANO
liste_provincia_2013.csv,2013,provinciali,single-round,liste,2013-05-26,MILANO,liste_provincia_2013.csv2013_provinciali_single-round_MILANO
liste_regione_2013.csv,2013,regionali,single-round,liste,2013-02-24,MILANO,liste_regione_2013.csv2013_regionali_single-round_MILANO
senato_liste_2013.csv,2013,senato,single-round,liste,2013-02-24,MILANO,senato_liste_2013.csv2013_senato_single-round_MILANO
liste_europee_2014.csv,2014,europee,single-round,liste,2014-05-25,MILANO,liste_europee_2014.csv2014_europee_single-round_MILANO
presidente_municipio_2016municipio_1.csv,2016,municipali,single-round,presidente,2016-06-05,MILANO,presidente_municipio_2016municipio_1.csv2016_municipali_single-round_MILANO
presidente_municipio_2016municipio_2.csv,2016,municipali,single-round,presidente,2016-06-05,MILANO,presidente_municipio_2016municipio_2.csv2016_municipali_single-round_MILANO
presidente_municipio_2016municipio_3.csv,2016,municipali,single-round,presidente,2016-06-05,MILANO,presidente_municipio_2016municipio_3.csv2016_municipali_single-round_MILANO
presidente_municipio_2016municipio_4.csv,2016,municipali,single-round,presidente,2016-06-05,MILANO,presidente_municipio_2016municipio_4.csv2016_municipali_single-round_MILANO
presidente_municipio_2016municipio_5.csv,2016,municipali,single-round,presidente,2016-06-05,MILANO,presidente_municipio_2016municipio_5.csv2016_municipali_single-round_MILANO
presidente_municipio_2016municipio_6.csv,2016,municipali,single-round,presidente,2016-06-05,MILANO,presidente_municipio_2016municipio_6.csv2016_municipali_single-round_MILANO
presidente_municipio_2016municipio_7.csv,2016,municipali,single-round,presidente,2016-06-05,MILANO,presidente_municipio_2016municipio_7.csv2016_municipali_single-round_MILANO
presidente_municipio_2016municipio_8.csv,2016,municipali,single-round,presidente,2016-06-05,MILANO,presidente_municipio_2016municipio_8.csv2016_municipali_single-round_MILANO
presidente_municipio_2016municipio_9.csv,2016,municipali,single-round,presidente,2016-06-05,MILANO,presidente_municipio_2016municipio_9.csv2016_municipali_single-round_MILANO
sindaco_comune_2016.csv,2016,comunali,first-round,sindaco,2016-06-05,MILANO,sindaco_comune_2016.csv2016_comunali_first-round_MILANO
sindaco_comune_ballotaggio_2016.csv,2016,comunali,run-off,sindaco,2016-06-14,MILANO,sindaco_comune_ballotaggio_2016.csv2016_comunali_run-off_MILANO
liste_comune_2016.csv,2016,comunali,single-round,liste,2016-06-05,MILANO,liste_comune_2016.csv2016_comunali_single-round_MILANO
liste_municipio_2016municipio_1.csv,2016,municipali,single-round,liste,2016-06-05,MILANO,liste_municipio_2016municipio_1.csv2016_municipali_single-round_MILANO
liste_municipio_2016municipio_2.csv,2016,municipali,single-round,liste,2016-06-05,MILANO,liste_municipio_2016municipio_2.csv2016_municipali_single-round_MILANO
liste_municipio_2016municipio_3.csv,2016,municipali,single-round,liste,2016-06-05,MILANO,liste_municipio_2016municipio_3.csv2016_municipali_single-round_MILANO
liste_municipio_2016municipio_4.csv,2016,municipali,single-round,liste,2016-06-05,MILANO,liste_municipio_2016municipio_4.csv2016_municipali_single-round_MILANO
liste_municipio_2016municipio_5.csv,2016,municipali,single-round,liste,2016-06-05,MILANO,liste_municipio_2016municipio_5.csv2016_municipali_single-round_MILANO
liste_municipio_2016municipio_6.csv,2016,municipali,single-round,liste,2016-06-05,MILANO,liste_municipio_2016municipio_6.csv2016_municipali_single-round_MILANO
liste_municipio_2016municipio_7.csv,2016,municipali,single-round,liste,2016-06-05,MILANO,liste_municipio_2016municipio_7.csv2016_municipali_single-round_MILANO
liste_municipio_2016municipio_8.csv,2016,municipali,single-round,liste,2016-06-05,MILANO,liste_municipio_2016municipio_8.csv2016_municipali_single-round_MILANO
liste_municipio_2016municipio_9.csv,2016,municipali,single-round,liste,2016-06-05,MILANO,liste_municipio_2016municipio_9.csv2016_municipali_single-round_MILANO
referendum_costituzione_2016.csv,2016,referendum,single-round,referendum,2016-12-04,MILANO,referendum_costituzione_2016.csv2016_referendum_single-round_MILANO
referendum_trivelle_2016.csv,2016,referendum,single-round,referendum,2016-12-04,MILANO,referendum_trivelle_2016.csv2016_referendum_single-round_MILANO
candidati_camera_uninominale_2018.csv,2018,camera,single-round,deputati,2018-03-04,MILANO,candidati_camera_uninominale_2018.csv2018_camera_single-round_MILANO
candidati_senato_uninominale_2018.csv,2018,senato,single-round,senatori,2018-03-04,MILANO,candidati_senato_uninominale_2018.csv2018_senato_single-round_MILANO
liste_camera_uninominale_2018.csv,2018,camera,single-round,liste,2018-03-04,MILANO,liste_camera_uninominale_2018.csv2018_camera_single-round_MILANO
liste_provincia_2018.csv,2018,provinciali,single-round,liste,2018-03-04,MILANO,liste_provincia_2018.csv2018_provinciali_single-round_MILANO
liste_regione_2018.csv,2018,regionali,single-round,liste,2018-03-04,MILANO,liste_regione_2018.csv2018_regionali_single-round_MILANO
liste_senato_uninominale_2018.csv,2018,senato,single-round,liste,2018-03-04,MILANO,liste_senato_uninominale_2018.csv2018_senato_single-round_MILANO
liste_europee_2019.csv,2019,europee,single-round,liste,2019-05-26,MILANO,liste_europee_2019.csv2019_europee_single-round_MILANO
presidente_municipio_2021municipio_1.csv,2021,municipali,single-round,presidente,2021-10-03,MILANO,presidente_municipio_2021municipio_1.csv2021_municipali_single-round_MILANO
presidente_municipio_2021municipio_2.csv,2021,municipali,single-round,presidente,2021-10-03,MILANO,presidente_municipio_2021municipio_2.csv2021_municipali_single-round_MILANO
presidente_municipio_2021municipio_3.csv,2021,municipali,single-round,presidente,2021-10-03,MILANO,presidente_municipio_2021municipio_3.csv2021_municipali_single-round_MILANO
presidente_municipio_2021municipio_4.csv,2021,municipali,single-round,presidente,2021-10-03,MILANO,presidente_municipio_2021municipio_4.csv2021_municipali_single-round_MILANO
presidente_municipio_2021municipio_5.csv,2021,municipali,single-round,presidente,2021-10-03,MILANO,presidente_municipio_2021municipio_5.csv2021_municipali_single-round_MILANO
presidente_municipio_2021municipio_6.csv,2021,municipali,single-round,presidente,2021-10-03,MILANO,presidente_municipio_2021municipio_6.csv2021_municipali_single-round_MILANO
presidente_municipio_2021municipio_7.csv,2021,municipali,single-round,presidente,2021-10-03,MILANO,presidente_municipio_2021municipio_7.csv2021_municipali_single-round_MILANO
presidente_municipio_2021municipio_8.csv,2021,municipali,single-round,presidente,2021-10-03,MILANO,presidente_municipio_2021municipio_8.csv2021_municipali_single-round_MILANO
presidente_municipio_2021municipio_9.csv,2021,municipali,single-round,presidente,2021-10-03,MILANO,presidente_municipio_2021municipio_9.csv2021_municipali_single-round_MILANO
sindaco_comune_2021.csv,2021,comunali,first-round,sindaco,2021-10-03,MILANO,sindaco_comune_2021.csv2021_comunali_first-round_MILANO
liste_comune_2021.csv,2021,comunali,single-round,liste,2021-10-03,MILANO,liste_comune_2021.csv2021_comunali_single-round_MILANO
liste_municipio_2021municipio_1.csv,2021,municipali,single-round,liste,2021-10-03,MILANO,liste_municipio_2021municipio_1.csv2021_municipali_single-round_MILANO
liste_municipio_2021municipio_2.csv,2021,municipali,single-round,liste,2021-10-03,MILANO,liste_municipio_2021municipio_2.csv2021_municipali_single-round_MILANO
liste_municipio_2021municipio_3.csv,2021,municipali,single-round,liste,2021-10-03,MILANO,liste_municipio_2021municipio_3.csv2021_municipali_single-round_MILANO
liste_municipio_2021municipio_4.csv,2021,municipali,single-round,liste,2021-10-03,MILANO,liste_municipio_2021municipio_4.csv2021_municipali_single-round_MILANO
liste_municipio_2021municipio_5.csv,2021,municipali,single-round,liste,2021-10-03,MILANO,liste_municipio_2021municipio_5.csv2021_municipali_single-round_MILANO
liste_municipio_2021municipio_6.csv,2021,municipali,single-round,liste,2021-10-03,MILANO,liste_municipio_2021municipio_6.csv2021_municipali_single-round_MILANO
liste_municipio_2021municipio_7.csv,2021,municipali,single-round,liste,2021-10-03,MILANO,liste_municipio_2021municipio_7.csv2021_municipali_single-round_MILANO
liste_municipio_2021municipio_8.csv,2021,municipali,single-round,liste,2021-10-03,MILANO,liste_municipio_2021municipio_8.csv2021_municipali_single-round_MILANO
liste_municipio_2021municipio_9.csv,2021,municipali,single-round,liste,2021-10-03,MILANO,liste_municipio_2021municipio_9.csv2021_municipali_single-round_MILANO
referendum_2020.csv,2020,referendum,single_round,referendum,2020-09-20,FIRENZE,referendum_2020.csv2020_referendum_single_round_FIRENZE
regionali_presidente_2020.csv,2020,regionali,single_round,presidente,2020-09-20,FIRENZE,regionali_presidente_2020.csv2020_regionali_single_round_FIRENZE
regionali_liste_2020.csv,2020,regionali,single_round,liste,2020-09-20,FIRENZE,regionali_liste_2020.csv2020_regionali_single_round_FIRENZE
comunali_sindaco_2019.csv,2019,comunali,first-round,sindaco,2019-05-26,FIRENZE,comunali_sindaco_2019.csv2019_comunali_first-round_FIRENZE
comunali_liste_2019.csv,2019,comunali,single_round,liste,2019-05-26,FIRENZE,comunali_liste_2019.csv2019_comunali_single_round_FIRENZE
comunali_liste_2019_municipio_1.csv,2019,municipali,single-round,presidente,2019-05-26,FIRENZE,comunali_liste_2019_municipio_1.csv2019_municipali_single-round_FIRENZE
comunali_liste_2019_municipio_2.csv,2019,municipali,single-round,presidente,2019-05-26,FIRENZE,comunali_liste_2019_municipio_2.csv2019_municipali_single-round_FIRENZE
comunali_liste_2019_municipio_3.csv,2019,municipali,single-round,presidente,2019-05-26,FIRENZE,comunali_liste_2019_municipio_3.csv2019_municipali_single-round_FIRENZE
comunali_liste_2019_municipio_4.csv,2019,municipali,single-round,presidente,2019-05-26,FIRENZE,comunali_liste_2019_municipio_4.csv2019_municipali_single-round_FIRENZE
comunali_liste_2019_municipio_5.csv,2019,municipali,single-round,presidente,2019-05-26,FIRENZE,comunali_liste_2019_municipio_5.csv2019_municipali_single-round_FIRENZE
europee_2019.csv,2019,europee,single-round,liste,2019-05-26,FIRENZE,europee_2019.csv2019_europee_single-round_FIRENZE
camera_2018.csv,2018,camera,single-round,liste,2018-03-04,FIRENZE,camera_2018.csv2018_camera_single-round_FIRENZE
senato_2018.csv,2018,senato,single-round,liste,2018-03-04,FIRENZE,senato_2018.csv2018_senato_single-round_FIRENZE
referendum_2016.csv,2016,referendum,single-round,referendum,2016-12-04,FIRENZE,referendum_2016.csv2016_referendum_single-round_FIRENZE
regionali_liste_2015.csv,2015,regionali,single-round,liste,2015-05-31,FIRENZE,regionali_liste_2015.csv2015_regionali_single-round_FIRENZE
regionali_2015_presidente.csv,2015,regionali,single-round,presidente,2015-05-31,FIRENZE,regionali_2015_presidente.csv2015_regionali_single-round_FIRENZE
comunali_2014_sindaco.csv,2014,comunali,first-round,sindaco,2014-05-25,FIRENZE,comunali_2014_sindaco.csv2014_comunali_first-round_FIRENZE
comunali_2014_liste.csv,2014,comunali,single-round,liste,2014-05-25,FIRENZE,comunali_2014_liste.csv2014_comunali_single-round_FIRENZE
europee_2014_liste.csv,2014,europee,single-round,liste,2014-05-25,FIRENZE,europee_2014_liste.csv2014_europee_single-round_FIRENZE
camera_2013_liste.csv,2013,camera,single-round,liste,2013-02-24,FIRENZE,camera_2013_liste.csv2013_camera_single-round_FIRENZE
senato_2013_liste.csv,2013,senato,single-round,liste,2013-02-24,FIRENZE,senato_2013_liste.csv2013_senato_single-round_FIRENZE
comunali_2009_liste.csv,2009,comunali,single-round,liste,2009-06-06,FIRENZE,comunali_2009_liste.csv2009_comunali_single-round_FIRENZE
senato_2008_liste.csv,2008,senato,single-round,liste,2008-04-13,FIRENZE,senato_2008_liste.csv2008_senato_single-round_FIRENZE
camera_2008_liste.csv,2008,camera,single-round,liste,2008-04-13,FIRENZE,camera_2008_liste.csv2008_camera_single-round_FIRENZE
europee_preferenze_2019.csv,2019,europee,single-round,preferenze,2019-05-26,GENOVA,europee_preferenze_2019.csv2019_europee_single-round_GENOVA
senato_liste_2018.csv,2018,senato,single-round,liste,2018-03-04,GENOVA,senato_liste_2018.csv2018_senato_single-round_GENOVA
camera_liste_2018.csv,2018,camera,single-round,liste,2018-03-04,GENOVA,camera_liste_2018.csv2018_camera_single-round_GENOVA
comunali_sindaco_2017.csv,2017,comunali,first-round,sindaco,2017-06-11,GENOVA,comunali_sindaco_2017.csv2017_comunali_first-round_GENOVA
comunali_liste_2017.csv,2017,comunali,first-round,liste,2017-06-11,GENOVA,comunali_liste_2017.csv2017_comunali_first-round_GENOVA
comunali_sindaco_2017ballottaggio.csv,2017,comunali,run-off,sindaco,2017-06-25,GENOVA,comunali_sindaco_2017ballottaggio.csv2017_comunali_run-off_GENOVA
comunali_preferenze_2017.csv,2017,comunali,first-round,preferenze,2017-06-11,GENOVA,comunali_preferenze_2017.csv2017_comunali_first-round_GENOVA
municipali_preferenze_2017_municipio_1.csv,2017,municipali,first-round,preferenze,2017-06-11,GENOVA,municipali_preferenze_2017_municipio_1.csv2017_municipali_first-round_GENOVA
municipali_preferenze_2017_municipio_2.csv,2017,municipali,first-round,preferenze,2017-06-11,GENOVA,municipali_preferenze_2017_municipio_2.csv2017_municipali_first-round_GENOVA
municipali_preferenze_2017_municipio_3.csv,2017,municipali,first-round,preferenze,2017-06-11,GENOVA,municipali_preferenze_2017_municipio_3.csv2017_municipali_first-round_GENOVA
municipali_preferenze_2017_municipio_4.csv,2017,municipali,first-round,preferenze,2017-06-11,GENOVA,municipali_preferenze_2017_municipio_4.csv2017_municipali_first-round_GENOVA
municipali_preferenze_2017_municipio_5.csv,2017,municipali,first-round,preferenze,2017-06-11,GENOVA,municipali_preferenze_2017_municipio_5.csv2017_municipali_first-round_GENOVA
municipali_preferenze_2017_municipio_6.csv,2017,municipali,first-round,preferenze,2017-06-11,GENOVA,municipali_preferenze_2017_municipio_6.csv2017_municipali_first-round_GENOVA
municipali_preferenze_2017_municipio_7.csv,2017,municipali,first-round,preferenze,2017-06-11,GENOVA,municipali_preferenze_2017_municipio_7.csv2017_municipali_first-round_GENOVA
municipali_preferenze_2017_municipio_8.csv,2017,municipali,first-round,preferenze,2017-06-11,GENOVA,municipali_preferenze_2017_municipio_8.csv2017_municipali_first-round_GENOVA
municipali_preferenze_2017_municipio_9.csv,2017,municipali,first-round,preferenze,2017-06-11,GENOVA,municipali_preferenze_2017_municipio_9.csv2017_municipali_first-round_GENOVA
municipali_liste_2017_municipio9.csv,2017,municipali,single-round,liste,2017-06-11,GENOVA,municipali_liste_2017_municipio9.csv2017_municipali_single-round_GENOVA
municipali_liste_2017_municipio1.csv,2017,municipali,single-round,liste,2017-06-11,GENOVA,municipali_liste_2017_municipio1.csv2017_municipali_single-round_GENOVA
municipali_liste_2017_municipio2.csv,2017,municipali,single-round,liste,2017-06-11,GENOVA,municipali_liste_2017_municipio2.csv2017_municipali_single-round_GENOVA
municipali_liste_2017_municipio3.csv,2017,municipali,single-round,liste,2017-06-11,GENOVA,municipali_liste_2017_municipio3.csv2017_municipali_single-round_GENOVA
municipali_liste_2017_municipio4.csv,2017,municipali,single-round,liste,2017-06-11,GENOVA,municipali_liste_2017_municipio4.csv2017_municipali_single-round_GENOVA
municipali_liste_2017_municipio5.csv,2017,municipali,single-round,liste,2017-06-11,GENOVA,municipali_liste_2017_municipio5.csv2017_municipali_single-round_GENOVA
municipali_liste_2017_municipio6.csv,2017,municipali,single-round,liste,2017-06-11,GENOVA,municipali_liste_2017_municipio6.csv2017_municipali_single-round_GENOVA
municipali_liste_2017_municipio7.csv,2017,municipali,single-round,liste,2017-06-11,GENOVA,municipali_liste_2017_municipio7.csv2017_municipali_single-round_GENOVA
municipali_liste_2017_municipio8.csv,2017,municipali,single-round,liste,2017-06-11,GENOVA,municipali_liste_2017_municipio8.csv2017_municipali_single-round_GENOVA
referendum_referendum_2016.csv,2016,referendum,single-round,referendum,2016-12-04,GENOVA,referendum_referendum_2016.csv2016_referendum_single-round_GENOVA
regionali_presidente_2015.csv,2015,regionali,first-round,presidente,2015-05-31,GENOVA,regionali_presidente_2015.csv2015_regionali_first-round_GENOVA
regionali_liste_2015.csv,2015,regionali,first-round,liste,2015-05-31,GENOVA,regionali_liste_2015.csv2015_regionali_first-round_GENOVA
regionali_preferenze_2015.csv,2015,regionali,first-round,preferenze,2015-05-31,GENOVA,regionali_preferenze_2015.csv2015_regionali_first-round_GENOVA
europee_liste_2014.csv,2014,europee,single-round,liste,2014-05-25,GENOVA,europee_liste_2014.csv2014_europee_single-round_GENOVA
europee_preferenze_2014.csv,2014,europee,single-round,preferenze,2014-05-25,GENOVA,europee_preferenze_2014.csv2014_europee_single-round_GENOVA
senato_liste_2013.csv,2013,senato,single-round,liste,2013-02-24,GENOVA,senato_liste_2013.csv2013_senato_single-round_GENOVA
camera_liste_2013.csv,2013,camera,single-round,liste,2013-02-24,GENOVA,camera_liste_2013.csv2013_camera_single-round_GENOVA
comunali_sindaco_2012.csv,2012,comunali,first-round,sindaco,2012-05-06,GENOVA,comunali_sindaco_2012.csv2012_comunali_first-round_GENOVA
comunali_liste_2012.csv,2012,comunali,first-round,liste,2012-05-06,GENOVA,comunali_liste_2012.csv2012_comunali_first-round_GENOVA
comunali_sindaco_2012.csv,2012,comunali,run-off,sindaco,2012-05-20,GENOVA,comunali_sindaco_2012.csv2012_comunali_run-off_GENOVA
municipali_sindaco_2012_municipio_1.csv,2012,municipali,first-round,sindaco,2012-05-06,GENOVA,municipali_sindaco_2012_municipio_1.csv2012_municipali_first-round_GENOVA
municipali_sindaco_2012_municipio_2.csv,2012,municipali,first-round,sindaco,2012-05-06,GENOVA,municipali_sindaco_2012_municipio_2.csv2012_municipali_first-round_GENOVA
municipali_sindaco_2012_municipio_3.csv,2012,municipali,first-round,sindaco,2012-05-06,GENOVA,municipali_sindaco_2012_municipio_3.csv2012_municipali_first-round_GENOVA
municipali_sindaco_2012_municipio_4.csv,2012,municipali,first-round,sindaco,2012-05-06,GENOVA,municipali_sindaco_2012_municipio_4.csv2012_municipali_first-round_GENOVA
municipali_sindaco_2012_municipio_5.csv,2012,municipali,first-round,sindaco,2012-05-06,GENOVA,municipali_sindaco_2012_municipio_5.csv2012_municipali_first-round_GENOVA
municipali_sindaco_2012_municipio_6.csv,2012,municipali,first-round,sindaco,2012-05-06,GENOVA,municipali_sindaco_2012_municipio_6.csv2012_municipali_first-round_GENOVA
municipali_sindaco_2012_municipio_7.csv,2012,municipali,first-round,sindaco,2012-05-06,GENOVA,municipali_sindaco_2012_municipio_7.csv2012_municipali_first-round_GENOVA
municipali_sindaco_2012_municipio_8.csv,2012,municipali,first-round,sindaco,2012-05-06,GENOVA,municipali_sindaco_2012_municipio_8.csv2012_municipali_first-round_GENOVA
municipali_sindaco_2012_municipio_9.csv,2012,municipali,first-round,sindaco,2012-05-06,GENOVA,municipali_sindaco_2012_municipio_9.csv2012_municipali_first-round_GENOVA
municipali_preferenze_2012_municipio_1.csv,2012,municipali,single-round,preferenze,2012-05-06,GENOVA,municipali_preferenze_2012_municipio_1.csv2012_municipali_single-round_GENOVA
municipali_preferenze_2012_municipio_2.csv,2012,municipali,single-round,preferenze,2012-05-06,GENOVA,municipali_preferenze_2012_municipio_2.csv2012_municipali_single-round_GENOVA
municipali_preferenze_2012_municipio_3.csv,2012,municipali,single-round,preferenze,2012-05-06,GENOVA,municipali_preferenze_2012_municipio_3.csv2012_municipali_single-round_GENOVA
municipali_preferenze_2012_municipio_4.csv,2012,municipali,single-round,preferenze,2012-05-06,GENOVA,municipali_preferenze_2012_municipio_4.csv2012_municipali_single-round_GENOVA
municipali_preferenze_2012_municipio_5.csv,2012,municipali,single-round,preferenze,2012-05-06,GENOVA,municipali_preferenze_2012_municipio_5.csv2012_municipali_single-round_GENOVA
municipali_preferenze_2012_municipio_6.csv,2012,municipali,single-round,preferenze,2012-05-06,GENOVA,municipali_preferenze_2012_municipio_6.csv2012_municipali_single-round_GENOVA
municipali_preferenze_2012_municipio_7.csv,2012,municipali,single-round,preferenze,2012-05-06,GENOVA,municipali_preferenze_2012_municipio_7.csv2012_municipali_single-round_GENOVA
municipali_preferenze_2012_municipio_8.csv,2012,municipali,single-round,preferenze,2012-05-06,GENOVA,municipali_preferenze_2012_municipio_8.csv2012_municipali_single-round_GENOVA
municipali_preferenze_2012_municipio_9.csv,2012,municipali,single-round,preferenze,2012-05-06,GENOVA,municipali_preferenze_2012_municipio_9.csv2012_municipali_single-round_GENOVA
regionali_liste_2010.csv,2010,regionali,single-round,liste,2010-03-28,GENOVA,regionali_liste_2010.csv2010_regionali_single-round_GENOVA
referendum_referendum_2009_referendumcamera_collegamento.csv,2009,referendum,single-round,referendum,2009-06-21,GENOVA,referendum_referendum_2009_referendumcamera_collegamento.csv2009_referendum_single-round_GENOVA
referendum_referendum_2009_referendumsenato_collegamento.csv,2009,referendum,single-round,referendum,2009-06-21,GENOVA,referendum_referendum_2009_referendumsenato_collegamento.csv2009_referendum_single-round_GENOVA
referendum_referendum_2009_referendumcamera_doppia.csv,2009,referendum,single-round,referendum,2009-06-21,GENOVA,referendum_referendum_2009_referendumcamera_doppia.csv2009_referendum_single-round_GENOVA
europee_liste_2009.csv,2009,europee,single-round,liste,2009-06-06,GENOVA,europee_liste_2009.csv2009_europee_single-round_GENOVA
senato_liste_2008.csv,2008,senato,single-round,liste,2008-04-13,GENOVA,senato_liste_2008.csv2008_senato_single-round_GENOVA
camera_liste_2008.csv,2008,camera,single-round,liste,2008-04-13,GENOVA,camera_liste_2008.csv2008_camera_single-round_GENOVA
referendum_referendum_2006.csv,2006,referendum,single-round,referendum,2006-06-25,GENOVA,referendum_referendum_2006.csv2006_referendum_single-round_GENOVA
senato_liste_2006.csv,2006,senato,single-round,liste,2006-04-09,GENOVA,senato_liste_2006.csv2006_senato_single-round_GENOVA
camera_liste_2006.csv,2006,camera,single-round,liste,2006-04-09,GENOVA,camera_liste_2006.csv2006_camera_single-round_GENOVA
regionali_liste_2005.csv,2005,regionali,single-round,liste,2005-04-03,GENOVA,regionali_liste_2005.csv2005_regionali_single-round_GENOVA
