SEZIONE,ID_NIL,NIL,Municipio
1.0,1,DUOMO,1
5.0,1,DUOMO,1
9.0,1,DUOMO,1
13.0,1,DUOMO,1
16.0,1,DUOMO,1
22.0,1,DUOMO,1
26.0,1,DUOMO,1
27.0,1,DUOMO,1
28.0,1,DUOMO,1
36.0,1,DUOMO,1
39.0,1,DUOMO,1
41.0,1,DUOMO,1
43.0,1,DUOMO,1
46.0,1,DUOMO,1
47.0,1,DUOMO,1
48.0,1,DUOMO,1
73.0,1,DUOMO,1
78.0,1,DUOMO,1
79.0,1,DUOMO,1
1352.0,1,DUOMO,1
1421.0,1,DUOMO,1
2.0,76,QUARTO OGGIARO - VIALBA - MUSOCCO,8
3.0,76,QUARTO OGGIARO - VIALBA - MUSOCCO,8
11.0,76,QUARTO OGGIARO - VIALBA - MUSOCCO,8
66.0,76,QUARTO OGGIARO - VIALBA - MUSOCCO,8
1155.0,76,QUARTO OGGIARO - VIALBA - MUSOCCO,8
1161.0,76,QUARTO OGGIARO - VIALBA - MUSOCCO,8
1163.0,76,QUARTO OGGIARO - VIALBA - MUSOCCO,8
1164.0,76,QUARTO OGGIARO - VIALBA - MUSOCCO,8
1294.0,76,QUARTO OGGIARO - VIALBA - MUSOCCO,8
1339.0,76,QUARTO OGGIARO - VIALBA - MUSOCCO,8
1717.0,76,QUARTO OGGIARO - VIALBA - MUSOCCO,8
1718.0,76,QUARTO OGGIARO - VIALBA - MUSOCCO,8
1719.0,76,QUARTO OGGIARO - VIALBA - MUSOCCO,8
1720.0,76,QUARTO OGGIARO - VIALBA - MUSOCCO,8
1721.0,76,QUARTO OGGIARO - VIALBA - MUSOCCO,8
1824.0,76,QUARTO OGGIARO - VIALBA - MUSOCCO,8
1826.0,76,QUARTO OGGIARO - VIALBA - MUSOCCO,8
1900.0,76,QUARTO OGGIARO - VIALBA - MUSOCCO,8
2024.0,76,QUARTO OGGIARO - VIALBA - MUSOCCO,8
2060.0,76,QUARTO OGGIARO - VIALBA - MUSOCCO,8
2062.0,76,QUARTO OGGIARO - VIALBA - MUSOCCO,8
2063.0,76,QUARTO OGGIARO - VIALBA - MUSOCCO,8
2064.0,76,QUARTO OGGIARO - VIALBA - MUSOCCO,8
2222.0,76,QUARTO OGGIARO - VIALBA - MUSOCCO,8
4.0,54,MUGGIANO,7
37.0,54,MUGGIANO,7
6.0,14,NIGUARDA - CA' GRANDA - PRATO CENTENARO - Q.RE FULVIO TESTI,9
335.0,14,NIGUARDA - CA' GRANDA - PRATO CENTENARO - Q.RE FULVIO TESTI,9
646.0,14,NIGUARDA - CA' GRANDA - PRATO CENTENARO - Q.RE FULVIO TESTI,9
657.0,14,NIGUARDA - CA' GRANDA - PRATO CENTENARO - Q.RE FULVIO TESTI,9
1257.0,14,NIGUARDA - CA' GRANDA - PRATO CENTENARO - Q.RE FULVIO TESTI,9
1258.0,14,NIGUARDA - CA' GRANDA - PRATO CENTENARO - Q.RE FULVIO TESTI,9
1260.0,14,NIGUARDA - CA' GRANDA - PRATO CENTENARO - Q.RE FULVIO TESTI,9
1261.0,14,NIGUARDA - CA' GRANDA - PRATO CENTENARO - Q.RE FULVIO TESTI,9
1263.0,14,NIGUARDA - CA' GRANDA - PRATO CENTENARO - Q.RE FULVIO TESTI,9
1264.0,14,NIGUARDA - CA' GRANDA - PRATO CENTENARO - Q.RE FULVIO TESTI,9
1265.0,14,NIGUARDA - CA' GRANDA - PRATO CENTENARO - Q.RE FULVIO TESTI,9
1267.0,14,NIGUARDA - CA' GRANDA - PRATO CENTENARO - Q.RE FULVIO TESTI,9
1268.0,14,NIGUARDA - CA' GRANDA - PRATO CENTENARO - Q.RE FULVIO TESTI,9
1271.0,14,NIGUARDA - CA' GRANDA - PRATO CENTENARO - Q.RE FULVIO TESTI,9
1297.0,14,NIGUARDA - CA' GRANDA - PRATO CENTENARO - Q.RE FULVIO TESTI,9
1351.0,14,NIGUARDA - CA' GRANDA - PRATO CENTENARO - Q.RE FULVIO TESTI,9
1398.0,14,NIGUARDA - CA' GRANDA - PRATO CENTENARO - Q.RE FULVIO TESTI,9
1463.0,14,NIGUARDA - CA' GRANDA - PRATO CENTENARO - Q.RE FULVIO TESTI,9
1464.0,14,NIGUARDA - CA' GRANDA - PRATO CENTENARO - Q.RE FULVIO TESTI,9
1465.0,14,NIGUARDA - CA' GRANDA - PRATO CENTENARO - Q.RE FULVIO TESTI,9
1494.0,14,NIGUARDA - CA' GRANDA - PRATO CENTENARO - Q.RE FULVIO TESTI,9
1495.0,14,NIGUARDA - CA' GRANDA - PRATO CENTENARO - Q.RE FULVIO TESTI,9
1496.0,14,NIGUARDA - CA' GRANDA - PRATO CENTENARO - Q.RE FULVIO TESTI,9
1506.0,14,NIGUARDA - CA' GRANDA - PRATO CENTENARO - Q.RE FULVIO TESTI,9
1534.0,14,NIGUARDA - CA' GRANDA - PRATO CENTENARO - Q.RE FULVIO TESTI,9
1609.0,14,NIGUARDA - CA' GRANDA - PRATO CENTENARO - Q.RE FULVIO TESTI,9
1670.0,14,NIGUARDA - CA' GRANDA - PRATO CENTENARO - Q.RE FULVIO TESTI,9
1679.0,14,NIGUARDA - CA' GRANDA - PRATO CENTENARO - Q.RE FULVIO TESTI,9
1710.0,14,NIGUARDA - CA' GRANDA - PRATO CENTENARO - Q.RE FULVIO TESTI,9
1735.0,14,NIGUARDA - CA' GRANDA - PRATO CENTENARO - Q.RE FULVIO TESTI,9
1924.0,14,NIGUARDA - CA' GRANDA - PRATO CENTENARO - Q.RE FULVIO TESTI,9
1932.0,14,NIGUARDA - CA' GRANDA - PRATO CENTENARO - Q.RE FULVIO TESTI,9
1945.0,14,NIGUARDA - CA' GRANDA - PRATO CENTENARO - Q.RE FULVIO TESTI,9
1969.0,14,NIGUARDA - CA' GRANDA - PRATO CENTENARO - Q.RE FULVIO TESTI,9
2083.0,14,NIGUARDA - CA' GRANDA - PRATO CENTENARO - Q.RE FULVIO TESTI,9
2132.0,14,NIGUARDA - CA' GRANDA - PRATO CENTENARO - Q.RE FULVIO TESTI,9
7.0,4,GUASTALLA,1
83.0,4,GUASTALLA,1
87.0,4,GUASTALLA,1
93.0,4,GUASTALLA,1
94.0,4,GUASTALLA,1
99.0,4,GUASTALLA,1
109.0,4,GUASTALLA,1
160.0,4,GUASTALLA,1
162.0,4,GUASTALLA,1
164.0,4,GUASTALLA,1
167.0,4,GUASTALLA,1
168.0,4,GUASTALLA,1
169.0,4,GUASTALLA,1
173.0,4,GUASTALLA,1
179.0,4,GUASTALLA,1
1541.0,4,GUASTALLA,1
1625.0,4,GUASTALLA,1
8.0,49,GIAMBELLINO,6
362.0,49,GIAMBELLINO,7
541.0,49,GIAMBELLINO,6
1019.0,49,GIAMBELLINO,6
1020.0,49,GIAMBELLINO,6
1021.0,49,GIAMBELLINO,6
1024.0,49,GIAMBELLINO,6
1025.0,49,GIAMBELLINO,6
1027.0,49,GIAMBELLINO,6
1028.0,49,GIAMBELLINO,6
1029.0,49,GIAMBELLINO,6
1030.0,49,GIAMBELLINO,6
1037.0,49,GIAMBELLINO,6
1326.0,49,GIAMBELLINO,6
1328.0,49,GIAMBELLINO,6
1384.0,49,GIAMBELLINO,6
1500.0,49,GIAMBELLINO,6
1531.0,49,GIAMBELLINO,6
1586.0,49,GIAMBELLINO,6
1587.0,49,GIAMBELLINO,6
1620.0,49,GIAMBELLINO,6
1934.0,49,GIAMBELLINO,6
2044.0,49,GIAMBELLINO,6
2058.0,49,GIAMBELLINO,6
2212.0,49,GIAMBELLINO,6
14.0,72,MAGGIORE - MUSOCCO - CERTOSA,8
881.0,72,MAGGIORE - MUSOCCO - CERTOSA,8
1111.0,72,MAGGIORE - MUSOCCO - CERTOSA,8
1112.0,72,MAGGIORE - MUSOCCO - CERTOSA,8
1113.0,72,MAGGIORE - MUSOCCO - CERTOSA,8
1114.0,72,MAGGIORE - MUSOCCO - CERTOSA,8
1450.0,72,MAGGIORE - MUSOCCO - CERTOSA,8
1596.0,72,MAGGIORE - MUSOCCO - CERTOSA,8
15.0,60,STADIO - IPPODROMI,7
439.0,60,STADIO - IPPODROMI,8
1063.0,60,STADIO - IPPODROMI,7
1064.0,60,STADIO - IPPODROMI,7
1099.0,60,STADIO - IPPODROMI,7
1102.0,60,STADIO - IPPODROMI,7
1103.0,60,STADIO - IPPODROMI,7
1448.0,60,STADIO - IPPODROMI,7
1523.0,60,STADIO - IPPODROMI,7
1621.0,60,STADIO - IPPODROMI,7
1691.0,60,STADIO - IPPODROMI,7
1749.0,60,STADIO - IPPODROMI,7
1751.0,60,STADIO - IPPODROMI,7
1754.0,60,STADIO - IPPODROMI,7
1887.0,60,STADIO - IPPODROMI,7
2021.0,60,STADIO - IPPODROMI,7
18.0,65,Q.RE GALLARATESE - Q.RE SAN LEONARDO - LAMPUGNANO,8
19.0,65,Q.RE GALLARATESE - Q.RE SAN LEONARDO - LAMPUGNANO,8
20.0,65,Q.RE GALLARATESE - Q.RE SAN LEONARDO - LAMPUGNANO,8
25.0,65,Q.RE GALLARATESE - Q.RE SAN LEONARDO - LAMPUGNANO,8
30.0,65,Q.RE GALLARATESE - Q.RE SAN LEONARDO - LAMPUGNANO,8
31.0,65,Q.RE GALLARATESE - Q.RE SAN LEONARDO - LAMPUGNANO,8
72.0,65,Q.RE GALLARATESE - Q.RE SAN LEONARDO - LAMPUGNANO,8
92.0,65,Q.RE GALLARATESE - Q.RE SAN LEONARDO - LAMPUGNANO,8
97.0,65,Q.RE GALLARATESE - Q.RE SAN LEONARDO - LAMPUGNANO,8
105.0,65,Q.RE GALLARATESE - Q.RE SAN LEONARDO - LAMPUGNANO,8
144.0,65,Q.RE GALLARATESE - Q.RE SAN LEONARDO - LAMPUGNANO,8
172.0,65,Q.RE GALLARATESE - Q.RE SAN LEONARDO - LAMPUGNANO,8
177.0,65,Q.RE GALLARATESE - Q.RE SAN LEONARDO - LAMPUGNANO,8
199.0,65,Q.RE GALLARATESE - Q.RE SAN LEONARDO - LAMPUGNANO,8
205.0,65,Q.RE GALLARATESE - Q.RE SAN LEONARDO - LAMPUGNANO,8
214.0,65,Q.RE GALLARATESE - Q.RE SAN LEONARDO - LAMPUGNANO,8
259.0,65,Q.RE GALLARATESE - Q.RE SAN LEONARDO - LAMPUGNANO,8
366.0,65,Q.RE GALLARATESE - Q.RE SAN LEONARDO - LAMPUGNANO,8
370.0,65,Q.RE GALLARATESE - Q.RE SAN LEONARDO - LAMPUGNANO,8
377.0,65,Q.RE GALLARATESE - Q.RE SAN LEONARDO - LAMPUGNANO,8
549.0,65,Q.RE GALLARATESE - Q.RE SAN LEONARDO - LAMPUGNANO,8
551.0,65,Q.RE GALLARATESE - Q.RE SAN LEONARDO - LAMPUGNANO,8
1159.0,65,Q.RE GALLARATESE - Q.RE SAN LEONARDO - LAMPUGNANO,8
1334.0,65,Q.RE GALLARATESE - Q.RE SAN LEONARDO - LAMPUGNANO,8
1340.0,65,Q.RE GALLARATESE - Q.RE SAN LEONARDO - LAMPUGNANO,8
1354.0,65,Q.RE GALLARATESE - Q.RE SAN LEONARDO - LAMPUGNANO,8
1394.0,65,Q.RE GALLARATESE - Q.RE SAN LEONARDO - LAMPUGNANO,8
1449.0,65,Q.RE GALLARATESE - Q.RE SAN LEONARDO - LAMPUGNANO,8
1743.0,65,Q.RE GALLARATESE - Q.RE SAN LEONARDO - LAMPUGNANO,8
1744.0,65,Q.RE GALLARATESE - Q.RE SAN LEONARDO - LAMPUGNANO,8
1786.0,65,Q.RE GALLARATESE - Q.RE SAN LEONARDO - LAMPUGNANO,8
1799.0,65,Q.RE GALLARATESE - Q.RE SAN LEONARDO - LAMPUGNANO,8
2120.0,65,Q.RE GALLARATESE - Q.RE SAN LEONARDO - LAMPUGNANO,8
21.0,35,LODI - CORVETTO,4
251.0,35,LODI - CORVETTO,4
570.0,35,LODI - CORVETTO,4
921.0,35,LODI - CORVETTO,4
922.0,35,LODI - CORVETTO,4
924.0,35,LODI - CORVETTO,4
927.0,35,LODI - CORVETTO,4
930.0,35,LODI - CORVETTO,4
931.0,35,LODI - CORVETTO,4
933.0,35,LODI - CORVETTO,4
934.0,35,LODI - CORVETTO,4
936.0,35,LODI - CORVETTO,4
938.0,35,LODI - CORVETTO,4
940.0,35,LODI - CORVETTO,4
941.0,35,LODI - CORVETTO,4
942.0,35,LODI - CORVETTO,4
945.0,35,LODI - CORVETTO,4
947.0,35,LODI - CORVETTO,4
956.0,35,LODI - CORVETTO,4
957.0,35,LODI - CORVETTO,4
1283.0,35,LODI - CORVETTO,4
1285.0,35,LODI - CORVETTO,4
1286.0,35,LODI - CORVETTO,4
1323.0,35,LODI - CORVETTO,4
1349.0,35,LODI - CORVETTO,4
1420.0,35,LODI - CORVETTO,4
1468.0,35,LODI - CORVETTO,4
1499.0,35,LODI - CORVETTO,4
1847.0,35,LODI - CORVETTO,4
1848.0,35,LODI - CORVETTO,4
1851.0,35,LODI - CORVETTO,4
1855.0,35,LODI - CORVETTO,4
1975.0,35,LODI - CORVETTO,4
1995.0,35,LODI - CORVETTO,4
23.0,23,LAMBRATE - ORTICA,3
32.0,23,LAMBRATE - ORTICA,3
822.0,23,LAMBRATE - ORTICA,3
823.0,23,LAMBRATE - ORTICA,3
824.0,23,LAMBRATE - ORTICA,3
834.0,23,LAMBRATE - ORTICA,3
837.0,23,LAMBRATE - ORTICA,3
2070.0,23,LAMBRATE - ORTICA,3
24.0,5,PORTA VIGENTINA - PORTA LODOVICA,1
182.0,5,PORTA VIGENTINA - PORTA LODOVICA,1
212.0,5,PORTA VIGENTINA - PORTA LODOVICA,5
213.0,5,PORTA VIGENTINA - PORTA LODOVICA,5
220.0,5,PORTA VIGENTINA - PORTA LODOVICA,1
223.0,5,PORTA VIGENTINA - PORTA LODOVICA,1
224.0,5,PORTA VIGENTINA - PORTA LODOVICA,1
226.0,5,PORTA VIGENTINA - PORTA LODOVICA,1
229.0,5,PORTA VIGENTINA - PORTA LODOVICA,5
230.0,5,PORTA VIGENTINA - PORTA LODOVICA,5
234.0,5,PORTA VIGENTINA - PORTA LODOVICA,5
235.0,5,PORTA VIGENTINA - PORTA LODOVICA,5
236.0,5,PORTA VIGENTINA - PORTA LODOVICA,5
1423.0,5,PORTA VIGENTINA - PORTA LODOVICA,5
1540.0,5,PORTA VIGENTINA - PORTA LODOVICA,1
1613.0,5,PORTA VIGENTINA - PORTA LODOVICA,1
29.0,42,STADERA - CHIESA ROSSA - Q.RE TORRETTA - CONCA FALLATA,5
383.0,42,STADERA - CHIESA ROSSA - Q.RE TORRETTA - CONCA FALLATA,5
633.0,42,STADERA - CHIESA ROSSA - Q.RE TORRETTA - CONCA FALLATA,5
716.0,42,STADERA - CHIESA ROSSA - Q.RE TORRETTA - CONCA FALLATA,5
836.0,42,STADERA - CHIESA ROSSA - Q.RE TORRETTA - CONCA FALLATA,5
852.0,42,STADERA - CHIESA ROSSA - Q.RE TORRETTA - CONCA FALLATA,5
985.0,42,STADERA - CHIESA ROSSA - Q.RE TORRETTA - CONCA FALLATA,5
986.0,42,STADERA - CHIESA ROSSA - Q.RE TORRETTA - CONCA FALLATA,5
988.0,42,STADERA - CHIESA ROSSA - Q.RE TORRETTA - CONCA FALLATA,5
989.0,42,STADERA - CHIESA ROSSA - Q.RE TORRETTA - CONCA FALLATA,5
990.0,42,STADERA - CHIESA ROSSA - Q.RE TORRETTA - CONCA FALLATA,5
994.0,42,STADERA - CHIESA ROSSA - Q.RE TORRETTA - CONCA FALLATA,5
995.0,42,STADERA - CHIESA ROSSA - Q.RE TORRETTA - CONCA FALLATA,5
1001.0,42,STADERA - CHIESA ROSSA - Q.RE TORRETTA - CONCA FALLATA,5
1003.0,42,STADERA - CHIESA ROSSA - Q.RE TORRETTA - CONCA FALLATA,5
1583.0,42,STADERA - CHIESA ROSSA - Q.RE TORRETTA - CONCA FALLATA,5
1676.0,42,STADERA - CHIESA ROSSA - Q.RE TORRETTA - CONCA FALLATA,5
2055.0,42,STADERA - CHIESA ROSSA - Q.RE TORRETTA - CONCA FALLATA,5
2066.0,42,STADERA - CHIESA ROSSA - Q.RE TORRETTA - CONCA FALLATA,5
2181.0,42,STADERA - CHIESA ROSSA - Q.RE TORRETTA - CONCA FALLATA,5
2186.0,42,STADERA - CHIESA ROSSA - Q.RE TORRETTA - CONCA FALLATA,5
2192.0,42,STADERA - CHIESA ROSSA - Q.RE TORRETTA - CONCA FALLATA,5
2193.0,42,STADERA - CHIESA ROSSA - Q.RE TORRETTA - CONCA FALLATA,5
2195.0,42,STADERA - CHIESA ROSSA - Q.RE TORRETTA - CONCA FALLATA,5
33.0,45,MONCUCCO - SAN CRISTOFORO,6
295.0,45,MONCUCCO - SAN CRISTOFORO,6
552.0,45,MONCUCCO - SAN CRISTOFORO,6
978.0,45,MONCUCCO - SAN CRISTOFORO,6
1006.0,45,MONCUCCO - SAN CRISTOFORO,6
1008.0,45,MONCUCCO - SAN CRISTOFORO,6
1017.0,45,MONCUCCO - SAN CRISTOFORO,6
1552.0,45,MONCUCCO - SAN CRISTOFORO,6
1863.0,45,MONCUCCO - SAN CRISTOFORO,6
2015.0,45,MONCUCCO - SAN CRISTOFORO,6
2046.0,45,MONCUCCO - SAN CRISTOFORO,6
2053.0,45,MONCUCCO - SAN CRISTOFORO,6
35.0,33,ROGOREDO - SANTA GIULIA,4
40.0,33,ROGOREDO - SANTA GIULIA,4
2107.0,33,ROGOREDO - SANTA GIULIA,4
2108.0,33,ROGOREDO - SANTA GIULIA,4
2196.0,33,ROGOREDO - SANTA GIULIA,4
38.0,88,PARCO BOSCO IN CITTA',7
197.0,88,PARCO BOSCO IN CITTA',8
627.0,88,PARCO BOSCO IN CITTA',7
1075.0,88,PARCO BOSCO IN CITTA',7
1118.0,88,PARCO BOSCO IN CITTA',8
2210.0,88,PARCO BOSCO IN CITTA',7
42.0,50,PORTA GENOVA,6
57.0,50,PORTA GENOVA,6
185.0,50,PORTA GENOVA,6
316.0,50,PORTA GENOVA,6
319.0,50,PORTA GENOVA,6
320.0,50,PORTA GENOVA,6
322.0,50,PORTA GENOVA,6
323.0,50,PORTA GENOVA,6
324.0,50,PORTA GENOVA,6
325.0,50,PORTA GENOVA,6
327.0,50,PORTA GENOVA,6
363.0,50,PORTA GENOVA,6
1357.0,50,PORTA GENOVA,6
1358.0,50,PORTA GENOVA,6
1794.0,50,PORTA GENOVA,6
2029.0,50,PORTA GENOVA,6
44.0,7,MAGENTA - S. VITTORE,1
74.0,7,MAGENTA - S. VITTORE,8
263.0,7,MAGENTA - S. VITTORE,1
265.0,7,MAGENTA - S. VITTORE,1
269.0,7,MAGENTA - S. VITTORE,1
271.0,7,MAGENTA - S. VITTORE,1
272.0,7,MAGENTA - S. VITTORE,1
317.0,7,MAGENTA - S. VITTORE,1
333.0,7,MAGENTA - S. VITTORE,1
334.0,7,MAGENTA - S. VITTORE,1
336.0,7,MAGENTA - S. VITTORE,1
337.0,7,MAGENTA - S. VITTORE,1
338.0,7,MAGENTA - S. VITTORE,1
342.0,7,MAGENTA - S. VITTORE,1
345.0,7,MAGENTA - S. VITTORE,1
346.0,7,MAGENTA - S. VITTORE,1
373.0,7,MAGENTA - S. VITTORE,1
1274.0,7,MAGENTA - S. VITTORE,1
1544.0,7,MAGENTA - S. VITTORE,1
45.0,56,FORZE ARMATE,7
204.0,56,FORZE ARMATE,7
221.0,56,FORZE ARMATE,7
326.0,56,FORZE ARMATE,7
394.0,56,FORZE ARMATE,7
539.0,56,FORZE ARMATE,7
600.0,56,FORZE ARMATE,7
717.0,56,FORZE ARMATE,7
726.0,56,FORZE ARMATE,7
1081.0,56,FORZE ARMATE,7
1082.0,56,FORZE ARMATE,7
1083.0,56,FORZE ARMATE,7
1097.0,56,FORZE ARMATE,7
1387.0,56,FORZE ARMATE,7
1388.0,56,FORZE ARMATE,7
1446.0,56,FORZE ARMATE,7
1488.0,56,FORZE ARMATE,7
1492.0,56,FORZE ARMATE,7
1695.0,56,FORZE ARMATE,7
1750.0,56,FORZE ARMATE,7
1952.0,56,FORZE ARMATE,7
1959.0,56,FORZE ARMATE,7
1976.0,56,FORZE ARMATE,7
2065.0,56,FORZE ARMATE,7
2147.0,56,FORZE ARMATE,7
2241.0,56,FORZE ARMATE,7
50.0,83,BRUZZANO,9
511.0,83,BRUZZANO,9
1209.0,83,BRUZZANO,9
1211.0,83,BRUZZANO,9
1212.0,83,BRUZZANO,9
1213.0,83,BRUZZANO,9
1459.0,83,BRUZZANO,9
1474.0,83,BRUZZANO,9
1528.0,83,BRUZZANO,9
1846.0,83,BRUZZANO,9
1985.0,83,BRUZZANO,9
51.0,17,ADRIANO,2
117.0,17,ADRIANO,2
482.0,17,ADRIANO,2
747.0,17,ADRIANO,2
791.0,17,ADRIANO,2
792.0,17,ADRIANO,2
793.0,17,ADRIANO,2
794.0,17,ADRIANO,2
796.0,17,ADRIANO,2
805.0,17,ADRIANO,2
1371.0,17,ADRIANO,2
2158.0,17,ADRIANO,2
55.0,53,LORENTEGGIO,6
305.0,53,LORENTEGGIO,6
564.0,53,LORENTEGGIO,6
906.0,53,LORENTEGGIO,6
1032.0,53,LORENTEGGIO,6
1034.0,53,LORENTEGGIO,6
1035.0,53,LORENTEGGIO,6
1038.0,53,LORENTEGGIO,6
1333.0,53,LORENTEGGIO,6
1401.0,53,LORENTEGGIO,6
1410.0,53,LORENTEGGIO,6
1411.0,53,LORENTEGGIO,6
1412.0,53,LORENTEGGIO,6
1441.0,53,LORENTEGGIO,6
1470.0,53,LORENTEGGIO,6
1957.0,53,LORENTEGGIO,6
56.0,2,BRERA,1
58.0,2,BRERA,1
65.0,2,BRERA,1
69.0,2,BRERA,1
501.0,2,BRERA,1
505.0,2,BRERA,1
506.0,2,BRERA,1
512.0,2,BRERA,1
514.0,2,BRERA,1
515.0,2,BRERA,1
519.0,2,BRERA,1
521.0,2,BRERA,1
523.0,2,BRERA,1
525.0,2,BRERA,1
530.0,2,BRERA,1
534.0,2,BRERA,1
537.0,2,BRERA,1
59.0,64,TRENNO,8
543.0,64,TRENNO,8
1107.0,64,TRENNO,8
1890.0,64,TRENNO,8
61.0,51,PORTA MAGENTA,7
187.0,51,PORTA MAGENTA,6
331.0,51,PORTA MAGENTA,7
357.0,51,PORTA MAGENTA,7
365.0,51,PORTA MAGENTA,7
367.0,51,PORTA MAGENTA,7
368.0,51,PORTA MAGENTA,7
372.0,51,PORTA MAGENTA,7
375.0,51,PORTA MAGENTA,7
378.0,51,PORTA MAGENTA,7
379.0,51,PORTA MAGENTA,7
381.0,51,PORTA MAGENTA,7
384.0,51,PORTA MAGENTA,7
385.0,51,PORTA MAGENTA,6
386.0,51,PORTA MAGENTA,7
387.0,51,PORTA MAGENTA,7
388.0,51,PORTA MAGENTA,7
389.0,51,PORTA MAGENTA,7
393.0,51,PORTA MAGENTA,7
1040.0,51,PORTA MAGENTA,6
1304.0,51,PORTA MAGENTA,6
1359.0,51,PORTA MAGENTA,7
1553.0,51,PORTA MAGENTA,6
1554.0,51,PORTA MAGENTA,7
1634.0,51,PORTA MAGENTA,7
1635.0,51,PORTA MAGENTA,7
1753.0,51,PORTA MAGENTA,6
64.0,46,BARONA,6
84.0,46,BARONA,6
100.0,46,BARONA,6
282.0,46,BARONA,6
453.0,46,BARONA,6
460.0,46,BARONA,6
518.0,46,BARONA,6
622.0,46,BARONA,6
644.0,46,BARONA,6
1004.0,46,BARONA,6
1005.0,46,BARONA,6
1012.0,46,BARONA,6
1123.0,46,BARONA,6
1156.0,46,BARONA,6
1273.0,46,BARONA,6
1419.0,46,BARONA,6
1489.0,46,BARONA,6
1532.0,46,BARONA,6
1773.0,46,BARONA,6
80.0,52,BANDE NERE,6
274.0,52,BANDE NERE,6
371.0,52,BANDE NERE,6
502.0,52,BANDE NERE,6
648.0,52,BANDE NERE,6
1022.0,52,BANDE NERE,6
1023.0,52,BANDE NERE,6
1033.0,52,BANDE NERE,6
1039.0,52,BANDE NERE,6
1044.0,52,BANDE NERE,7
1045.0,52,BANDE NERE,7
1046.0,52,BANDE NERE,7
1048.0,52,BANDE NERE,7
1050.0,52,BANDE NERE,7
1051.0,52,BANDE NERE,7
1077.0,52,BANDE NERE,7
1078.0,52,BANDE NERE,7
1079.0,52,BANDE NERE,6
1080.0,52,BANDE NERE,7
1329.0,52,BANDE NERE,7
1383.0,52,BANDE NERE,6
1413.0,52,BANDE NERE,7
1443.0,52,BANDE NERE,6
1501.0,52,BANDE NERE,6
1520.0,52,BANDE NERE,7
1588.0,52,BANDE NERE,6
1590.0,52,BANDE NERE,6
1592.0,52,BANDE NERE,7
1593.0,52,BANDE NERE,7
1696.0,52,BANDE NERE,7
1699.0,52,BANDE NERE,6
1701.0,52,BANDE NERE,6
1705.0,52,BANDE NERE,6
1706.0,52,BANDE NERE,6
1711.0,52,BANDE NERE,6
1722.0,52,BANDE NERE,6
1760.0,52,BANDE NERE,6
1761.0,52,BANDE NERE,6
1872.0,52,BANDE NERE,7
1873.0,52,BANDE NERE,6
1882.0,52,BANDE NERE,7
1888.0,52,BANDE NERE,7
1997.0,52,BANDE NERE,7
2069.0,52,BANDE NERE,7
2072.0,52,BANDE NERE,7
2184.0,52,BANDE NERE,7
82.0,3,GIARDINI P.TA VENEZIA,1
86.0,29,ORTOMERCATO,4
898.0,29,ORTOMERCATO,4
899.0,29,ORTOMERCATO,4
902.0,29,ORTOMERCATO,4
903.0,29,ORTOMERCATO,4
904.0,29,ORTOMERCATO,4
1928.0,29,ORTOMERCATO,4
88.0,38,VIGENTINO - Q.RE FATIMA,5
181.0,38,VIGENTINO - Q.RE FATIMA,5
262.0,38,VIGENTINO - Q.RE FATIMA,5
900.0,38,VIGENTINO - Q.RE FATIMA,5
952.0,38,VIGENTINO - Q.RE FATIMA,5
960.0,38,VIGENTINO - Q.RE FATIMA,5
961.0,38,VIGENTINO - Q.RE FATIMA,5
962.0,38,VIGENTINO - Q.RE FATIMA,5
965.0,38,VIGENTINO - Q.RE FATIMA,5
1151.0,38,VIGENTINO - Q.RE FATIMA,5
1324.0,38,VIGENTINO - Q.RE FATIMA,5
91.0,12,MACIACHINI - MAGGIOLINA,2
567.0,12,MACIACHINI - MAGGIOLINA,9
575.0,12,MACIACHINI - MAGGIOLINA,2
1201.0,12,MACIACHINI - MAGGIOLINA,9
1232.0,12,MACIACHINI - MAGGIOLINA,2
1233.0,12,MACIACHINI - MAGGIOLINA,2
1236.0,12,MACIACHINI - MAGGIOLINA,2
1237.0,12,MACIACHINI - MAGGIOLINA,9
1241.0,12,MACIACHINI - MAGGIOLINA,2
1242.0,12,MACIACHINI - MAGGIOLINA,2
1249.0,12,MACIACHINI - MAGGIOLINA,9
1251.0,12,MACIACHINI - MAGGIOLINA,9
1342.0,12,MACIACHINI - MAGGIOLINA,9
1343.0,12,MACIACHINI - MAGGIOLINA,2
1345.0,12,MACIACHINI - MAGGIOLINA,9
1346.0,12,MACIACHINI - MAGGIOLINA,9
1396.0,12,MACIACHINI - MAGGIOLINA,2
1471.0,12,MACIACHINI - MAGGIOLINA,9
1478.0,12,MACIACHINI - MAGGIOLINA,2
1606.0,12,MACIACHINI - MAGGIOLINA,2
1709.0,12,MACIACHINI - MAGGIOLINA,2
1921.0,12,MACIACHINI - MAGGIOLINA,2
2004.0,12,MACIACHINI - MAGGIOLINA,9
2243.0,12,MACIACHINI - MAGGIOLINA,9
104.0,21,BUENOS AIRES - PORTA VENEZIA - PORTA MONFORTE,3
106.0,21,BUENOS AIRES - PORTA VENEZIA - PORTA MONFORTE,3
110.0,21,BUENOS AIRES - PORTA VENEZIA - PORTA MONFORTE,3
111.0,21,BUENOS AIRES - PORTA VENEZIA - PORTA MONFORTE,3
112.0,21,BUENOS AIRES - PORTA VENEZIA - PORTA MONFORTE,3
113.0,21,BUENOS AIRES - PORTA VENEZIA - PORTA MONFORTE,3
114.0,21,BUENOS AIRES - PORTA VENEZIA - PORTA MONFORTE,3
116.0,21,BUENOS AIRES - PORTA VENEZIA - PORTA MONFORTE,3
590.0,21,BUENOS AIRES - PORTA VENEZIA - PORTA MONFORTE,3
592.0,21,BUENOS AIRES - PORTA VENEZIA - PORTA MONFORTE,3
594.0,21,BUENOS AIRES - PORTA VENEZIA - PORTA MONFORTE,3
596.0,21,BUENOS AIRES - PORTA VENEZIA - PORTA MONFORTE,3
601.0,21,BUENOS AIRES - PORTA VENEZIA - PORTA MONFORTE,3
603.0,21,BUENOS AIRES - PORTA VENEZIA - PORTA MONFORTE,3
604.0,21,BUENOS AIRES - PORTA VENEZIA - PORTA MONFORTE,3
610.0,21,BUENOS AIRES - PORTA VENEZIA - PORTA MONFORTE,3
613.0,21,BUENOS AIRES - PORTA VENEZIA - PORTA MONFORTE,3
614.0,21,BUENOS AIRES - PORTA VENEZIA - PORTA MONFORTE,3
616.0,21,BUENOS AIRES - PORTA VENEZIA - PORTA MONFORTE,3
621.0,21,BUENOS AIRES - PORTA VENEZIA - PORTA MONFORTE,3
624.0,21,BUENOS AIRES - PORTA VENEZIA - PORTA MONFORTE,3
625.0,21,BUENOS AIRES - PORTA VENEZIA - PORTA MONFORTE,3
631.0,21,BUENOS AIRES - PORTA VENEZIA - PORTA MONFORTE,3
634.0,21,BUENOS AIRES - PORTA VENEZIA - PORTA MONFORTE,3
636.0,21,BUENOS AIRES - PORTA VENEZIA - PORTA MONFORTE,3
638.0,21,BUENOS AIRES - PORTA VENEZIA - PORTA MONFORTE,3
641.0,21,BUENOS AIRES - PORTA VENEZIA - PORTA MONFORTE,3
642.0,21,BUENOS AIRES - PORTA VENEZIA - PORTA MONFORTE,3
649.0,21,BUENOS AIRES - PORTA VENEZIA - PORTA MONFORTE,3
651.0,21,BUENOS AIRES - PORTA VENEZIA - PORTA MONFORTE,3
652.0,21,BUENOS AIRES - PORTA VENEZIA - PORTA MONFORTE,3
655.0,21,BUENOS AIRES - PORTA VENEZIA - PORTA MONFORTE,3
659.0,21,BUENOS AIRES - PORTA VENEZIA - PORTA MONFORTE,3
662.0,21,BUENOS AIRES - PORTA VENEZIA - PORTA MONFORTE,3
663.0,21,BUENOS AIRES - PORTA VENEZIA - PORTA MONFORTE,3
665.0,21,BUENOS AIRES - PORTA VENEZIA - PORTA MONFORTE,3
668.0,21,BUENOS AIRES - PORTA VENEZIA - PORTA MONFORTE,3
669.0,21,BUENOS AIRES - PORTA VENEZIA - PORTA MONFORTE,3
671.0,21,BUENOS AIRES - PORTA VENEZIA - PORTA MONFORTE,3
673.0,21,BUENOS AIRES - PORTA VENEZIA - PORTA MONFORTE,3
674.0,21,BUENOS AIRES - PORTA VENEZIA - PORTA MONFORTE,3
675.0,21,BUENOS AIRES - PORTA VENEZIA - PORTA MONFORTE,3
676.0,21,BUENOS AIRES - PORTA VENEZIA - PORTA MONFORTE,3
680.0,21,BUENOS AIRES - PORTA VENEZIA - PORTA MONFORTE,3
684.0,21,BUENOS AIRES - PORTA VENEZIA - PORTA MONFORTE,3
692.0,21,BUENOS AIRES - PORTA VENEZIA - PORTA MONFORTE,3
709.0,21,BUENOS AIRES - PORTA VENEZIA - PORTA MONFORTE,3
712.0,21,BUENOS AIRES - PORTA VENEZIA - PORTA MONFORTE,3
713.0,21,BUENOS AIRES - PORTA VENEZIA - PORTA MONFORTE,3
721.0,21,BUENOS AIRES - PORTA VENEZIA - PORTA MONFORTE,3
857.0,21,BUENOS AIRES - PORTA VENEZIA - PORTA MONFORTE,3
1484.0,21,BUENOS AIRES - PORTA VENEZIA - PORTA MONFORTE,3
1503.0,21,BUENOS AIRES - PORTA VENEZIA - PORTA MONFORTE,3
1657.0,21,BUENOS AIRES - PORTA VENEZIA - PORTA MONFORTE,3
1781.0,21,BUENOS AIRES - PORTA VENEZIA - PORTA MONFORTE,3
2091.0,21,BUENOS AIRES - PORTA VENEZIA - PORTA MONFORTE,3
119.0,55,BAGGIO - Q.RE DEGLI OLMI - Q.RE VALSESIA,7
297.0,55,BAGGIO - Q.RE DEGLI OLMI - Q.RE VALSESIA,7
667.0,55,BAGGIO - Q.RE DEGLI OLMI - Q.RE VALSESIA,7
699.0,55,BAGGIO - Q.RE DEGLI OLMI - Q.RE VALSESIA,7
1073.0,55,BAGGIO - Q.RE DEGLI OLMI - Q.RE VALSESIA,7
1074.0,55,BAGGIO - Q.RE DEGLI OLMI - Q.RE VALSESIA,7
1076.0,55,BAGGIO - Q.RE DEGLI OLMI - Q.RE VALSESIA,7
1084.0,55,BAGGIO - Q.RE DEGLI OLMI - Q.RE VALSESIA,7
1085.0,55,BAGGIO - Q.RE DEGLI OLMI - Q.RE VALSESIA,7
1089.0,55,BAGGIO - Q.RE DEGLI OLMI - Q.RE VALSESIA,7
1090.0,55,BAGGIO - Q.RE DEGLI OLMI - Q.RE VALSESIA,7
1092.0,55,BAGGIO - Q.RE DEGLI OLMI - Q.RE VALSESIA,7
1291.0,55,BAGGIO - Q.RE DEGLI OLMI - Q.RE VALSESIA,7
1404.0,55,BAGGIO - Q.RE DEGLI OLMI - Q.RE VALSESIA,7
1442.0,55,BAGGIO - Q.RE DEGLI OLMI - Q.RE VALSESIA,7
1447.0,55,BAGGIO - Q.RE DEGLI OLMI - Q.RE VALSESIA,7
1512.0,55,BAGGIO - Q.RE DEGLI OLMI - Q.RE VALSESIA,7
1526.0,55,BAGGIO - Q.RE DEGLI OLMI - Q.RE VALSESIA,7
1732.0,55,BAGGIO - Q.RE DEGLI OLMI - Q.RE VALSESIA,7
1733.0,55,BAGGIO - Q.RE DEGLI OLMI - Q.RE VALSESIA,7
1745.0,55,BAGGIO - Q.RE DEGLI OLMI - Q.RE VALSESIA,7
1884.0,55,BAGGIO - Q.RE DEGLI OLMI - Q.RE VALSESIA,7
1979.0,55,BAGGIO - Q.RE DEGLI OLMI - Q.RE VALSESIA,7
1992.0,55,BAGGIO - Q.RE DEGLI OLMI - Q.RE VALSESIA,7
2019.0,55,BAGGIO - Q.RE DEGLI OLMI - Q.RE VALSESIA,7
120.0,80,AFFORI,9
125.0,80,AFFORI,9
343.0,80,AFFORI,9
1214.0,80,AFFORI,9
1215.0,80,AFFORI,9
1216.0,80,AFFORI,9
1218.0,80,AFFORI,9
1219.0,80,AFFORI,9
1220.0,80,AFFORI,9
1221.0,80,AFFORI,9
1222.0,80,AFFORI,9
1391.0,80,AFFORI,9
1460.0,80,AFFORI,9
1683.0,80,AFFORI,9
1774.0,80,AFFORI,9
1916.0,80,AFFORI,9
122.0,26,XXII MARZO,4
123.0,26,XXII MARZO,4
126.0,26,XXII MARZO,4
128.0,26,XXII MARZO,4
129.0,26,XXII MARZO,4
130.0,26,XXII MARZO,4
131.0,26,XXII MARZO,4
135.0,26,XXII MARZO,4
138.0,26,XXII MARZO,4
139.0,26,XXII MARZO,4
140.0,26,XXII MARZO,4
141.0,26,XXII MARZO,4
142.0,26,XXII MARZO,4
146.0,26,XXII MARZO,4
147.0,26,XXII MARZO,4
149.0,26,XXII MARZO,4
151.0,26,XXII MARZO,4
152.0,26,XXII MARZO,4
153.0,26,XXII MARZO,4
157.0,26,XXII MARZO,4
158.0,26,XXII MARZO,4
186.0,26,XXII MARZO,4
188.0,26,XXII MARZO,4
189.0,26,XXII MARZO,4
348.0,26,XXII MARZO,4
862.0,26,XXII MARZO,4
863.0,26,XXII MARZO,4
871.0,26,XXII MARZO,4
879.0,26,XXII MARZO,4
883.0,26,XXII MARZO,4
884.0,26,XXII MARZO,4
175.0,27,PTA ROMANA,4
184.0,27,PTA ROMANA,4
190.0,27,PTA ROMANA,4
191.0,27,PTA ROMANA,4
193.0,27,PTA ROMANA,4
195.0,27,PTA ROMANA,4
198.0,27,PTA ROMANA,4
200.0,27,PTA ROMANA,5
201.0,27,PTA ROMANA,5
206.0,27,PTA ROMANA,5
207.0,27,PTA ROMANA,4
208.0,27,PTA ROMANA,5
215.0,27,PTA ROMANA,5
217.0,27,PTA ROMANA,5
701.0,27,PTA ROMANA,4
905.0,27,PTA ROMANA,4
196.0,36,SCALO ROMANA,5
925.0,36,SCALO ROMANA,5
928.0,36,SCALO ROMANA,5
929.0,36,SCALO ROMANA,5
948.0,36,SCALO ROMANA,5
959.0,36,SCALO ROMANA,5
963.0,36,SCALO ROMANA,5
970.0,36,SCALO ROMANA,5
1287.0,36,SCALO ROMANA,5
1516.0,36,SCALO ROMANA,5
232.0,13,GRECO - SEGNANO,2
780.0,13,GRECO - SEGNANO,2
1244.0,13,GRECO - SEGNANO,2
1245.0,13,GRECO - SEGNANO,2
1246.0,13,GRECO - SEGNANO,2
1247.0,13,GRECO - SEGNANO,2
1254.0,13,GRECO - SEGNANO,9
1255.0,13,GRECO - SEGNANO,9
1259.0,13,GRECO - SEGNANO,9
1296.0,13,GRECO - SEGNANO,2
1350.0,13,GRECO - SEGNANO,2
1399.0,13,GRECO - SEGNANO,9
1608.0,13,GRECO - SEGNANO,2
1931.0,13,GRECO - SEGNANO,9
237.0,6,PORTA TICINESE - CONCA DEL NAVIGLIO,5
238.0,6,PORTA TICINESE - CONCA DEL NAVIGLIO,5
240.0,6,PORTA TICINESE - CONCA DEL NAVIGLIO,5
242.0,6,PORTA TICINESE - CONCA DEL NAVIGLIO,5
243.0,6,PORTA TICINESE - CONCA DEL NAVIGLIO,5
246.0,6,PORTA TICINESE - CONCA DEL NAVIGLIO,1
250.0,6,PORTA TICINESE - CONCA DEL NAVIGLIO,1
252.0,6,PORTA TICINESE - CONCA DEL NAVIGLIO,1
257.0,6,PORTA TICINESE - CONCA DEL NAVIGLIO,1
264.0,6,PORTA TICINESE - CONCA DEL NAVIGLIO,1
279.0,6,PORTA TICINESE - CONCA DEL NAVIGLIO,5
280.0,6,PORTA TICINESE - CONCA DEL NAVIGLIO,5
281.0,6,PORTA TICINESE - CONCA DEL NAVIGLIO,5
284.0,6,PORTA TICINESE - CONCA DEL NAVIGLIO,5
291.0,6,PORTA TICINESE - CONCA DEL NAVIGLIO,5
292.0,6,PORTA TICINESE - CONCA DEL NAVIGLIO,5
1508.0,6,PORTA TICINESE - CONCA DEL NAVIGLIO,1
277.0,30,TALIEDO - MORSENCHIO - Q.RE FORLANINI,4
321.0,30,TALIEDO - MORSENCHIO - Q.RE FORLANINI,4
909.0,30,TALIEDO - MORSENCHIO - Q.RE FORLANINI,4
910.0,30,TALIEDO - MORSENCHIO - Q.RE FORLANINI,4
912.0,30,TALIEDO - MORSENCHIO - Q.RE FORLANINI,4
913.0,30,TALIEDO - MORSENCHIO - Q.RE FORLANINI,4
1505.0,30,TALIEDO - MORSENCHIO - Q.RE FORLANINI,4
1529.0,30,TALIEDO - MORSENCHIO - Q.RE FORLANINI,4
1616.0,30,TALIEDO - MORSENCHIO - Q.RE FORLANINI,4
1617.0,30,TALIEDO - MORSENCHIO - Q.RE FORLANINI,4
1712.0,30,TALIEDO - MORSENCHIO - Q.RE FORLANINI,4
1724.0,30,TALIEDO - MORSENCHIO - Q.RE FORLANINI,4
1725.0,30,TALIEDO - MORSENCHIO - Q.RE FORLANINI,4
1762.0,30,TALIEDO - MORSENCHIO - Q.RE FORLANINI,4
1790.0,30,TALIEDO - MORSENCHIO - Q.RE FORLANINI,4
1842.0,30,TALIEDO - MORSENCHIO - Q.RE FORLANINI,4
2172.0,30,TALIEDO - MORSENCHIO - Q.RE FORLANINI,4
286.0,44,PORTA TICINESE - CONCHETTA,6
288.0,44,PORTA TICINESE - CONCHETTA,6
294.0,44,PORTA TICINESE - CONCHETTA,6
299.0,44,PORTA TICINESE - CONCHETTA,6
300.0,44,PORTA TICINESE - CONCHETTA,6
301.0,44,PORTA TICINESE - CONCHETTA,6
303.0,44,PORTA TICINESE - CONCHETTA,6
306.0,44,PORTA TICINESE - CONCHETTA,6
309.0,44,PORTA TICINESE - CONCHETTA,6
311.0,44,PORTA TICINESE - CONCHETTA,6
313.0,44,PORTA TICINESE - CONCHETTA,6
315.0,44,PORTA TICINESE - CONCHETTA,6
1424.0,44,PORTA TICINESE - CONCHETTA,6
1630.0,44,PORTA TICINESE - CONCHETTA,6
2092.0,44,PORTA TICINESE - CONCHETTA,6
329.0,41,GRATOSOGLIO - Q.RE MISSAGLIA - Q.RE TERRAZZE,5
340.0,41,GRATOSOGLIO - Q.RE MISSAGLIA - Q.RE TERRAZZE,5
583.0,41,GRATOSOGLIO - Q.RE MISSAGLIA - Q.RE TERRAZZE,5
635.0,41,GRATOSOGLIO - Q.RE MISSAGLIA - Q.RE TERRAZZE,5
866.0,41,GRATOSOGLIO - Q.RE MISSAGLIA - Q.RE TERRAZZE,5
955.0,41,GRATOSOGLIO - Q.RE MISSAGLIA - Q.RE TERRAZZE,5
1124.0,41,GRATOSOGLIO - Q.RE MISSAGLIA - Q.RE TERRAZZE,5
1317.0,41,GRATOSOGLIO - Q.RE MISSAGLIA - Q.RE TERRAZZE,5
1392.0,41,GRATOSOGLIO - Q.RE MISSAGLIA - Q.RE TERRAZZE,5
1415.0,41,GRATOSOGLIO - Q.RE MISSAGLIA - Q.RE TERRAZZE,5
1439.0,41,GRATOSOGLIO - Q.RE MISSAGLIA - Q.RE TERRAZZE,5
1615.0,41,GRATOSOGLIO - Q.RE MISSAGLIA - Q.RE TERRAZZE,5
1649.0,41,GRATOSOGLIO - Q.RE MISSAGLIA - Q.RE TERRAZZE,5
1693.0,41,GRATOSOGLIO - Q.RE MISSAGLIA - Q.RE TERRAZZE,5
1727.0,41,GRATOSOGLIO - Q.RE MISSAGLIA - Q.RE TERRAZZE,5
350.0,68,PAGANO,1
351.0,68,PAGANO,8
353.0,68,PAGANO,7
354.0,68,PAGANO,7
397.0,68,PAGANO,8
399.0,68,PAGANO,8
402.0,68,PAGANO,1
418.0,68,PAGANO,1
422.0,68,PAGANO,1
423.0,68,PAGANO,8
424.0,68,PAGANO,1
425.0,68,PAGANO,8
426.0,68,PAGANO,8
457.0,68,PAGANO,8
1558.0,68,PAGANO,8
1759.0,68,PAGANO,8
1765.0,68,PAGANO,8
364.0,16,GORLA - PRECOTTO,2
615.0,16,GORLA - PRECOTTO,2
617.0,16,GORLA - PRECOTTO,2
781.0,16,GORLA - PRECOTTO,2
783.0,16,GORLA - PRECOTTO,2
784.0,16,GORLA - PRECOTTO,2
785.0,16,GORLA - PRECOTTO,2
786.0,16,GORLA - PRECOTTO,2
788.0,16,GORLA - PRECOTTO,2
789.0,16,GORLA - PRECOTTO,2
790.0,16,GORLA - PRECOTTO,2
1314.0,16,GORLA - PRECOTTO,2
1315.0,16,GORLA - PRECOTTO,2
1369.0,16,GORLA - PRECOTTO,2
1430.0,16,GORLA - PRECOTTO,2
1479.0,16,GORLA - PRECOTTO,2
1568.0,16,GORLA - PRECOTTO,2
1658.0,16,GORLA - PRECOTTO,2
1739.0,16,GORLA - PRECOTTO,2
1806.0,16,GORLA - PRECOTTO,2
391.0,58,DE ANGELI - MONTE ROSA,7
400.0,58,DE ANGELI - MONTE ROSA,8
401.0,58,DE ANGELI - MONTE ROSA,7
403.0,58,DE ANGELI - MONTE ROSA,7
406.0,58,DE ANGELI - MONTE ROSA,7
407.0,58,DE ANGELI - MONTE ROSA,7
409.0,58,DE ANGELI - MONTE ROSA,7
414.0,58,DE ANGELI - MONTE ROSA,7
433.0,58,DE ANGELI - MONTE ROSA,7
435.0,58,DE ANGELI - MONTE ROSA,8
436.0,58,DE ANGELI - MONTE ROSA,7
437.0,58,DE ANGELI - MONTE ROSA,7
440.0,58,DE ANGELI - MONTE ROSA,8
441.0,58,DE ANGELI - MONTE ROSA,8
1307.0,58,DE ANGELI - MONTE ROSA,8
1426.0,58,DE ANGELI - MONTE ROSA,7
1476.0,58,DE ANGELI - MONTE ROSA,8
1637.0,58,DE ANGELI - MONTE ROSA,8
1758.0,58,DE ANGELI - MONTE ROSA,7
396.0,19,PADOVA - TURRO - CRESCENZAGO,2
775.0,19,PADOVA - TURRO - CRESCENZAGO,2
776.0,19,PADOVA - TURRO - CRESCENZAGO,2
778.0,19,PADOVA - TURRO - CRESCENZAGO,2
799.0,19,PADOVA - TURRO - CRESCENZAGO,2
800.0,19,PADOVA - TURRO - CRESCENZAGO,2
801.0,19,PADOVA - TURRO - CRESCENZAGO,2
802.0,19,PADOVA - TURRO - CRESCENZAGO,2
803.0,19,PADOVA - TURRO - CRESCENZAGO,2
806.0,19,PADOVA - TURRO - CRESCENZAGO,2
807.0,19,PADOVA - TURRO - CRESCENZAGO,2
808.0,19,PADOVA - TURRO - CRESCENZAGO,2
1275.0,19,PADOVA - TURRO - CRESCENZAGO,2
1373.0,19,PADOVA - TURRO - CRESCENZAGO,2
1432.0,19,PADOVA - TURRO - CRESCENZAGO,2
1572.0,19,PADOVA - TURRO - CRESCENZAGO,2
1659.0,19,PADOVA - TURRO - CRESCENZAGO,2
1660.0,19,PADOVA - TURRO - CRESCENZAGO,2
1764.0,19,PADOVA - TURRO - CRESCENZAGO,2
1800.0,19,PADOVA - TURRO - CRESCENZAGO,2
1809.0,19,PADOVA - TURRO - CRESCENZAGO,2
1811.0,19,PADOVA - TURRO - CRESCENZAGO,2
1989.0,19,PADOVA - TURRO - CRESCENZAGO,2
1991.0,19,PADOVA - TURRO - CRESCENZAGO,2
2050.0,19,PADOVA - TURRO - CRESCENZAGO,2
2102.0,19,PADOVA - TURRO - CRESCENZAGO,2
2159.0,19,PADOVA - TURRO - CRESCENZAGO,2
411.0,57,SAN SIRO,7
438.0,57,SAN SIRO,7
1052.0,57,SAN SIRO,7
1056.0,57,SAN SIRO,7
1059.0,57,SAN SIRO,7
1062.0,57,SAN SIRO,7
1068.0,57,SAN SIRO,7
1069.0,57,SAN SIRO,7
1070.0,57,SAN SIRO,7
1072.0,57,SAN SIRO,7
1331.0,57,SAN SIRO,7
1332.0,57,SAN SIRO,7
1491.0,57,SAN SIRO,7
1556.0,57,SAN SIRO,7
1688.0,57,SAN SIRO,7
2017.0,57,SAN SIRO,7
2124.0,57,SAN SIRO,7
415.0,8,PARCO SEMPIONE,1
416.0,69,SARPI,1
417.0,69,SARPI,1
427.0,69,SARPI,1
428.0,69,SARPI,8
430.0,69,SARPI,8
431.0,69,SARPI,8
450.0,69,SARPI,8
452.0,69,SARPI,8
454.0,69,SARPI,8
458.0,69,SARPI,8
461.0,69,SARPI,1
462.0,69,SARPI,1
467.0,69,SARPI,1
468.0,69,SARPI,1
474.0,69,SARPI,8
477.0,69,SARPI,8
480.0,69,SARPI,8
483.0,69,SARPI,8
484.0,69,SARPI,8
495.0,69,SARPI,8
498.0,69,SARPI,1
499.0,69,SARPI,1
1361.0,69,SARPI,8
1428.0,69,SARPI,8
1507.0,69,SARPI,8
1559.0,69,SARPI,8
1644.0,69,SARPI,8
1983.0,69,SARPI,8
444.0,67,PORTELLO,8
446.0,67,PORTELLO,8
449.0,67,PORTELLO,8
451.0,67,PORTELLO,8
797.0,67,PORTELLO,2
1309.0,67,PORTELLO,8
1641.0,67,PORTELLO,8
1936.0,67,PORTELLO,8
447.0,70,GHISOLFA,8
479.0,70,GHISOLFA,8
485.0,70,GHISOLFA,8
487.0,70,GHISOLFA,8
488.0,70,GHISOLFA,8
489.0,70,GHISOLFA,8
490.0,70,GHISOLFA,8
493.0,70,GHISOLFA,8
1312.0,70,GHISOLFA,8
1362.0,70,GHISOLFA,8
1643.0,70,GHISOLFA,8
1645.0,70,GHISOLFA,8
1647.0,70,GHISOLFA,8
1780.0,70,GHISOLFA,8
2089.0,70,GHISOLFA,8
465.0,62,QUINTO ROMANO,7
766.0,62,QUINTO ROMANO,7
1094.0,62,QUINTO ROMANO,7
2042.0,62,QUINTO ROMANO,7
2117.0,62,QUINTO ROMANO,7
469.0,28,UMBRIA - MOLISE - CALVAIRATE,4
508.0,28,UMBRIA - MOLISE - CALVAIRATE,4
886.0,28,UMBRIA - MOLISE - CALVAIRATE,4
889.0,28,UMBRIA - MOLISE - CALVAIRATE,4
890.0,28,UMBRIA - MOLISE - CALVAIRATE,4
891.0,28,UMBRIA - MOLISE - CALVAIRATE,4
895.0,28,UMBRIA - MOLISE - CALVAIRATE,4
901.0,28,UMBRIA - MOLISE - CALVAIRATE,4
907.0,28,UMBRIA - MOLISE - CALVAIRATE,4
908.0,28,UMBRIA - MOLISE - CALVAIRATE,4
1320.0,28,UMBRIA - MOLISE - CALVAIRATE,4
1321.0,28,UMBRIA - MOLISE - CALVAIRATE,4
1669.0,28,UMBRIA - MOLISE - CALVAIRATE,4
1958.0,28,UMBRIA - MOLISE - CALVAIRATE,4
2105.0,28,UMBRIA - MOLISE - CALVAIRATE,4
504.0,61,QUARTO CAGNINO,7
738.0,61,QUARTO CAGNINO,7
755.0,61,QUARTO CAGNINO,7
1100.0,61,QUARTO CAGNINO,7
1594.0,61,QUARTO CAGNINO,7
1801.0,61,QUARTO CAGNINO,7
510.0,81,BOVISASCA,9
1178.0,81,BOVISASCA,9
1341.0,81,BOVISASCA,9
1483.0,81,BOVISASCA,9
1515.0,81,BOVISASCA,9
526.0,9,PORTA GARIBALDI - PORTA NUOVA,9
540.0,9,PORTA GARIBALDI - PORTA NUOVA,9
542.0,9,PORTA GARIBALDI - PORTA NUOVA,9
561.0,9,PORTA GARIBALDI - PORTA NUOVA,9
569.0,9,PORTA GARIBALDI - PORTA NUOVA,9
582.0,9,PORTA GARIBALDI - PORTA NUOVA,9
1521.0,9,PORTA GARIBALDI - PORTA NUOVA,9
532.0,48,RONCHETTO SUL NAVIGLIO - Q.RE LODOVICO IL MORO,6
679.0,48,RONCHETTO SUL NAVIGLIO - Q.RE LODOVICO IL MORO,6
1007.0,48,RONCHETTO SUL NAVIGLIO - Q.RE LODOVICO IL MORO,6
1010.0,48,RONCHETTO SUL NAVIGLIO - Q.RE LODOVICO IL MORO,6
1013.0,48,RONCHETTO SUL NAVIGLIO - Q.RE LODOVICO IL MORO,6
1015.0,48,RONCHETTO SUL NAVIGLIO - Q.RE LODOVICO IL MORO,6
1016.0,48,RONCHETTO SUL NAVIGLIO - Q.RE LODOVICO IL MORO,6
1292.0,48,RONCHETTO SUL NAVIGLIO - Q.RE LODOVICO IL MORO,6
1400.0,48,RONCHETTO SUL NAVIGLIO - Q.RE LODOVICO IL MORO,6
1406.0,48,RONCHETTO SUL NAVIGLIO - Q.RE LODOVICO IL MORO,6
1480.0,48,RONCHETTO SUL NAVIGLIO - Q.RE LODOVICO IL MORO,6
1961.0,48,RONCHETTO SUL NAVIGLIO - Q.RE LODOVICO IL MORO,6
535.0,10,STAZIONE CENTRALE - PONTE SEVESO,2
566.0,10,STAZIONE CENTRALE - PONTE SEVESO,2
568.0,10,STAZIONE CENTRALE - PONTE SEVESO,2
571.0,10,STAZIONE CENTRALE - PONTE SEVESO,2
574.0,10,STAZIONE CENTRALE - PONTE SEVESO,2
585.0,10,STAZIONE CENTRALE - PONTE SEVESO,2
586.0,10,STAZIONE CENTRALE - PONTE SEVESO,2
589.0,10,STAZIONE CENTRALE - PONTE SEVESO,2
608.0,10,STAZIONE CENTRALE - PONTE SEVESO,2
686.0,10,STAZIONE CENTRALE - PONTE SEVESO,2
687.0,10,STAZIONE CENTRALE - PONTE SEVESO,2
690.0,10,STAZIONE CENTRALE - PONTE SEVESO,2
1227.0,10,STAZIONE CENTRALE - PONTE SEVESO,2
1230.0,10,STAZIONE CENTRALE - PONTE SEVESO,2
1605.0,10,STAZIONE CENTRALE - PONTE SEVESO,2
538.0,18,CIMIANO - ROTTOLE - Q.RE FELTRE,3
820.0,18,CIMIANO - ROTTOLE - Q.RE FELTRE,3
821.0,18,CIMIANO - ROTTOLE - Q.RE FELTRE,3
1316.0,18,CIMIANO - ROTTOLE - Q.RE FELTRE,3
1348.0,18,CIMIANO - ROTTOLE - Q.RE FELTRE,3
1530.0,18,CIMIANO - ROTTOLE - Q.RE FELTRE,3
1538.0,18,CIMIANO - ROTTOLE - Q.RE FELTRE,3
1571.0,18,CIMIANO - ROTTOLE - Q.RE FELTRE,3
1573.0,18,CIMIANO - ROTTOLE - Q.RE FELTRE,3
1574.0,18,CIMIANO - ROTTOLE - Q.RE FELTRE,3
1610.0,18,CIMIANO - ROTTOLE - Q.RE FELTRE,3
1662.0,18,CIMIANO - ROTTOLE - Q.RE FELTRE,3
1663.0,18,CIMIANO - ROTTOLE - Q.RE FELTRE,3
1815.0,18,CIMIANO - ROTTOLE - Q.RE FELTRE,3
1818.0,18,CIMIANO - ROTTOLE - Q.RE FELTRE,3
1819.0,18,CIMIANO - ROTTOLE - Q.RE FELTRE,3
1981.0,18,CIMIANO - ROTTOLE - Q.RE FELTRE,3
2103.0,18,CIMIANO - ROTTOLE - Q.RE FELTRE,3
2183.0,18,CIMIANO - ROTTOLE - Q.RE FELTRE,3
547.0,11,ISOLA,9
548.0,11,ISOLA,9
550.0,11,ISOLA,9
555.0,11,ISOLA,9
556.0,11,ISOLA,9
558.0,11,ISOLA,9
562.0,11,ISOLA,9
573.0,11,ISOLA,2
580.0,11,ISOLA,9
1192.0,11,ISOLA,9
1194.0,11,ISOLA,9
1200.0,11,ISOLA,9
1203.0,11,ISOLA,9
1229.0,11,ISOLA,2
1461.0,11,ISOLA,2
1525.0,11,ISOLA,9
1910.0,11,ISOLA,9
1911.0,11,ISOLA,9
1920.0,11,ISOLA,9
666.0,25,CORSICA,4
856.0,25,CORSICA,4
859.0,25,CORSICA,4
861.0,25,CORSICA,4
865.0,25,CORSICA,4
868.0,25,CORSICA,4
869.0,25,CORSICA,4
874.0,25,CORSICA,4
875.0,25,CORSICA,4
877.0,25,CORSICA,4
1280.0,25,CORSICA,4
1319.0,25,CORSICA,4
1377.0,25,CORSICA,4
1466.0,25,CORSICA,4
1579.0,25,CORSICA,4
1668.0,25,CORSICA,4
1834.0,25,CORSICA,4
2144.0,25,CORSICA,4
678.0,22,CITTA' STUDI,3
724.0,22,CITTA' STUDI,3
725.0,22,CITTA' STUDI,3
727.0,22,CITTA' STUDI,3
728.0,22,CITTA' STUDI,3
731.0,22,CITTA' STUDI,3
734.0,22,CITTA' STUDI,3
740.0,22,CITTA' STUDI,3
770.0,22,CITTA' STUDI,3
813.0,22,CITTA' STUDI,3
816.0,22,CITTA' STUDI,3
817.0,22,CITTA' STUDI,3
818.0,22,CITTA' STUDI,3
825.0,22,CITTA' STUDI,3
827.0,22,CITTA' STUDI,3
828.0,22,CITTA' STUDI,3
832.0,22,CITTA' STUDI,3
838.0,22,CITTA' STUDI,3
839.0,22,CITTA' STUDI,3
840.0,22,CITTA' STUDI,3
841.0,22,CITTA' STUDI,3
844.0,22,CITTA' STUDI,3
847.0,22,CITTA' STUDI,3
848.0,22,CITTA' STUDI,3
853.0,22,CITTA' STUDI,3
855.0,22,CITTA' STUDI,3
1276.0,22,CITTA' STUDI,3
1318.0,22,CITTA' STUDI,3
1366.0,22,CITTA' STUDI,3
1368.0,22,CITTA' STUDI,3
1374.0,22,CITTA' STUDI,3
1375.0,22,CITTA' STUDI,3
1539.0,22,CITTA' STUDI,3
1667.0,22,CITTA' STUDI,3
1823.0,22,CITTA' STUDI,3
1833.0,22,CITTA' STUDI,3
693.0,20,LORETO - CASORETTO - NOLO,2
696.0,20,LORETO - CASORETTO - NOLO,2
698.0,20,LORETO - CASORETTO - NOLO,2
700.0,20,LORETO - CASORETTO - NOLO,2
702.0,20,LORETO - CASORETTO - NOLO,2
703.0,20,LORETO - CASORETTO - NOLO,2
704.0,20,LORETO - CASORETTO - NOLO,2
705.0,20,LORETO - CASORETTO - NOLO,2
706.0,20,LORETO - CASORETTO - NOLO,2
707.0,20,LORETO - CASORETTO - NOLO,2
715.0,20,LORETO - CASORETTO - NOLO,3
718.0,20,LORETO - CASORETTO - NOLO,2
719.0,20,LORETO - CASORETTO - NOLO,2
729.0,20,LORETO - CASORETTO - NOLO,3
736.0,20,LORETO - CASORETTO - NOLO,3
739.0,20,LORETO - CASORETTO - NOLO,3
741.0,20,LORETO - CASORETTO - NOLO,3
743.0,20,LORETO - CASORETTO - NOLO,2
746.0,20,LORETO - CASORETTO - NOLO,3
748.0,20,LORETO - CASORETTO - NOLO,2
749.0,20,LORETO - CASORETTO - NOLO,2
751.0,20,LORETO - CASORETTO - NOLO,2
752.0,20,LORETO - CASORETTO - NOLO,2
753.0,20,LORETO - CASORETTO - NOLO,2
756.0,20,LORETO - CASORETTO - NOLO,2
760.0,20,LORETO - CASORETTO - NOLO,2
762.0,20,LORETO - CASORETTO - NOLO,2
765.0,20,LORETO - CASORETTO - NOLO,2
767.0,20,LORETO - CASORETTO - NOLO,3
771.0,20,LORETO - CASORETTO - NOLO,3
772.0,20,LORETO - CASORETTO - NOLO,3
1403.0,20,LORETO - CASORETTO - NOLO,3
1486.0,20,LORETO - CASORETTO - NOLO,3
1565.0,20,LORETO - CASORETTO - NOLO,3
1566.0,20,LORETO - CASORETTO - NOLO,2
711.0,15,BICOCCA,9
1256.0,15,BICOCCA,9
1270.0,15,BICOCCA,9
1622.0,15,BICOCCA,9
1680.0,15,BICOCCA,9
1787.0,15,BICOCCA,9
812.0,85,PARCO DELLE ABBAZIE,5
946.0,85,PARCO DELLE ABBAZIE,5
951.0,85,PARCO DELLE ABBAZIE,5
954.0,85,PARCO DELLE ABBAZIE,5
984.0,85,PARCO DELLE ABBAZIE,5
1947.0,85,PARCO DELLE ABBAZIE,5
2141.0,85,PARCO DELLE ABBAZIE,5
835.0,24,PARCO FORLANINI - CAVRIANO,3
878.0,24,PARCO FORLANINI - CAVRIANO,4
914.0,31,MONLUE' - PONTE LAMBRO,4
915.0,31,MONLUE' - PONTE LAMBRO,4
1504.0,31,MONLUE' - PONTE LAMBRO,4
1832.0,31,MONLUE' - PONTE LAMBRO,4
2082.0,31,MONLUE' - PONTE LAMBRO,4
916.0,32,TRIULZO SUPERIORE,4
917.0,32,TRIULZO SUPERIORE,4
920.0,32,TRIULZO SUPERIORE,4
953.0,39,QUINTOSOLE,5
964.0,37,MORIVIONE,5
968.0,37,MORIVIONE,5
969.0,37,MORIVIONE,5
971.0,37,MORIVIONE,5
2026.0,37,MORIVIONE,5
973.0,43,TIBALDI,5
974.0,43,TIBALDI,5
976.0,43,TIBALDI,5
979.0,43,TIBALDI,5
981.0,43,TIBALDI,5
982.0,43,TIBALDI,5
983.0,43,TIBALDI,5
1382.0,43,TIBALDI,5
1407.0,43,TIBALDI,5
1517.0,43,TIBALDI,5
1087.0,87,ASSIANO,7
1095.0,63,FIGINO,7
1096.0,63,FIGINO,7
1115.0,71,VILLAPIZZONE - CAGNOLA - BOLDINASCO,8
1117.0,71,VILLAPIZZONE - CAGNOLA - BOLDINASCO,8
1119.0,71,VILLAPIZZONE - CAGNOLA - BOLDINASCO,8
1120.0,71,VILLAPIZZONE - CAGNOLA - BOLDINASCO,8
1121.0,71,VILLAPIZZONE - CAGNOLA - BOLDINASCO,8
1125.0,71,VILLAPIZZONE - CAGNOLA - BOLDINASCO,8
1127.0,71,VILLAPIZZONE - CAGNOLA - BOLDINASCO,8
1128.0,71,VILLAPIZZONE - CAGNOLA - BOLDINASCO,8
1130.0,71,VILLAPIZZONE - CAGNOLA - BOLDINASCO,8
1132.0,71,VILLAPIZZONE - CAGNOLA - BOLDINASCO,8
1133.0,71,VILLAPIZZONE - CAGNOLA - BOLDINASCO,8
1135.0,71,VILLAPIZZONE - CAGNOLA - BOLDINASCO,8
1136.0,71,VILLAPIZZONE - CAGNOLA - BOLDINASCO,8
1137.0,71,VILLAPIZZONE - CAGNOLA - BOLDINASCO,8
1141.0,71,VILLAPIZZONE - CAGNOLA - BOLDINASCO,8
1142.0,71,VILLAPIZZONE - CAGNOLA - BOLDINASCO,8
1144.0,71,VILLAPIZZONE - CAGNOLA - BOLDINASCO,8
1148.0,71,VILLAPIZZONE - CAGNOLA - BOLDINASCO,8
1149.0,71,VILLAPIZZONE - CAGNOLA - BOLDINASCO,8
1338.0,71,VILLAPIZZONE - CAGNOLA - BOLDINASCO,8
1451.0,71,VILLAPIZZONE - CAGNOLA - BOLDINASCO,8
1452.0,71,VILLAPIZZONE - CAGNOLA - BOLDINASCO,8
1453.0,71,VILLAPIZZONE - CAGNOLA - BOLDINASCO,8
1454.0,71,VILLAPIZZONE - CAGNOLA - BOLDINASCO,8
1550.0,71,VILLAPIZZONE - CAGNOLA - BOLDINASCO,8
1685.0,71,VILLAPIZZONE - CAGNOLA - BOLDINASCO,8
1708.0,71,VILLAPIZZONE - CAGNOLA - BOLDINASCO,8
1930.0,71,VILLAPIZZONE - CAGNOLA - BOLDINASCO,8
1143.0,73,CASCINA MERLATA,8
1154.0,73,CASCINA MERLATA,8
1152.0,74,ROSERIO,8
1165.0,78,FARINI,9
1181.0,78,FARINI,9
1186.0,78,FARINI,9
1196.0,78,FARINI,9
1167.0,77,BOVISA,9
1168.0,77,BOVISA,9
1170.0,77,BOVISA,9
1172.0,77,BOVISA,9
1173.0,77,BOVISA,9
1174.0,77,BOVISA,9
1175.0,77,BOVISA,9
1176.0,77,BOVISA,9
1455.0,77,BOVISA,9
1597.0,77,BOVISA,9
1182.0,79,DERGANO,9
1184.0,79,DERGANO,9
1185.0,79,DERGANO,9
1187.0,79,DERGANO,9
1188.0,79,DERGANO,9
1190.0,79,DERGANO,9
1191.0,79,DERGANO,9
1204.0,79,DERGANO,9
1205.0,79,DERGANO,9
1207.0,79,DERGANO,9
1457.0,79,DERGANO,9
1458.0,79,DERGANO,9
1954.0,79,DERGANO,9
2229.0,79,DERGANO,9
1210.0,84,PARCO NORD,9
1682.0,84,PARCO NORD,9
1417.0,66,QT 8,8
1595.0,66,QT 8,8
1747.0,66,QT 8,8
1891.0,66,QT 8,8
1425.0,86,PARCO DEI NAVIGLI,6
1677.0,86,PARCO DEI NAVIGLI,6
1789.0,86,PARCO DEI NAVIGLI,5
1514.0,82,COMASINA,9
1599.0,82,COMASINA,9
1601.0,82,COMASINA,9
1973.0,82,COMASINA,9
2000.0,82,COMASINA,9
2001.0,82,COMASINA,9
1638.0,47,CANTALUPA,6
1772.0,59,TRE TORRI,8
