SEZIONE,MUNICIPIO,ZONA_URB,ZONA_URB_CODICE
1,3,Casal Boccone,4f
2,1,Esquilino,1e
3,1,Esquilino,1e
4,1,Esquilino,1e
5,1,Esquilino,1e
6,1,Esquilino,1e
7,1,Esquilino,1e
8,1,Esquilino,1e
9,1,Esquilino,1e
10,1,Esquilino,1e
11,1,Esquilino,1e
12,1,Esquilino,1e
13,1,Esquilino,1e
14,1,Esquilino,1e
15,1,Esquilino,1e
16,1,Esquilino,1e
17,1,Esquilino,1e
18,1,XX Settembre,1f
19,1,XX Settembre,1f
20,1,XX Settembre,1f
21,1,XX Settembre,1f
22,1,XX Settembre,1f
23,1,XX Settembre,1f
24,1,XX Settembre,1f
25,3,Serpentara,4e
26,1,Esquilino,1e
27,1,Esquilino,1e
28,2,Università ,3x
29,2,Nomentano,3a
30,2,Nomentano,3a
31,2,Nomentano,3a
32,2,Nomentano,3a
33,2,Nomentano,3a
34,2,Nomentano,3a
35,2,Nomentano,3a
36,2,Nomentano,3a
37,3,Casal Boccone,4f
38,2,Nomentano,3a
39,2,Nomentano,3a
40,2,Nomentano,3a
41,2,Nomentano,3a
42,2,Università ,3x
43,2,Nomentano,3a
44,2,Nomentano,3a
45,2,Nomentano,3a
46,2,Nomentano,3a
47,2,Nomentano,3a
48,2,Nomentano,3a
49,2,Nomentano,3a
50,2,Nomentano,3a
51,2,Nomentano,3a
52,2,Nomentano,3a
53,2,Nomentano,3a
54,2,Nomentano,3a
55,2,Nomentano,3a
56,2,Nomentano,3a
57,2,Nomentano,3a
58,2,Nomentano,3a
59,2,Nomentano,3a
60,2,Nomentano,3a
61,2,Nomentano,3a
62,2,Nomentano,3a
63,2,Nomentano,3a
64,2,Nomentano,3a
65,2,Nomentano,3a
66,2,Nomentano,3a
67,3,Sacco Pastore,4h
68,3,Sacco Pastore,4h
69,3,Conca d'Oro,4g
70,3,Sacco Pastore,4h
71,3,Sacco Pastore,4h
72,3,Sacco Pastore,4h
73,3,Monte Sacro,4a
74,3,Monte Sacro,4a
75,3,Monte Sacro,4a
76,3,Monte Sacro,4a
77,3,Monte Sacro,4a
78,3,Sacco Pastore,4h
79,3,Sacco Pastore,4h
80,3,Sacco Pastore,4h
81,3,Monte Sacro,4a
82,3,Monte Sacro,4a
83,3,Monte Sacro,4a
84,3,Sacco Pastore,4h
85,3,Conca d'Oro,4g
86,3,Monte Sacro,4a
87,3,Monte Sacro,4a
88,3,Monte Sacro,4a
89,3,Tufello,4i
90,3,Tufello,4i
91,3,Monte Sacro,4a
92,3,Monte Sacro,4a
93,3,Conca d'Oro,4g
94,3,Conca d'Oro,4g
95,3,Conca d'Oro,4g
96,3,Conca d'Oro,4g
97,3,Conca d'Oro,4g
98,3,Conca d'Oro,4g
99,3,Conca d'Oro,4g
100,3,Conca d'Oro,4g
101,3,Conca d'Oro,4g
102,3,Conca d'Oro,4g
103,3,Conca d'Oro,4g
104,3,Conca d'Oro,4g
105,3,Conca d'Oro,4g
106,3,Conca d'Oro,4g
107,3,Conca d'Oro,4g
108,3,Conca d'Oro,4g
109,3,Tufello,4i
110,3,Tufello,4i
111,3,Tufello,4i
112,3,Tufello,4i
113,3,Tufello,4i
114,3,Serpentara,4e
115,3,Tufello,4i
116,3,Tufello,4i
117,3,Tufello,4i
118,3,Tufello,4i
119,3,Tufello,4i
120,2,Salario,2d
121,2,Salario,2d
122,2,Salario,2d
123,2,Salario,2d
124,2,Salario,2d
125,2,Trieste,2e
126,2,Trieste,2e
127,2,Trieste,2e
128,2,Trieste,2e
129,2,Trieste,2e
130,2,Salario,2d
131,2,Salario,2d
132,2,Trieste,2e
133,2,Trieste,2e
134,2,Salario,2d
135,2,Trieste,2e
136,2,Trieste,2e
137,2,Trieste,2e
138,2,Trieste,2e
139,2,Trieste,2e
140,2,Trieste,2e
141,2,Trieste,2e
142,2,Trieste,2e
143,2,Trieste,2e
144,2,Trieste,2e
145,2,Trieste,2e
146,2,Trieste,2e
147,2,Trieste,2e
148,2,Trieste,2e
149,2,Trieste,2e
150,2,Trieste,2e
151,2,Trieste,2e
152,2,Trieste,2e
153,2,Trieste,2e
154,2,Trieste,2e
155,2,Trieste,2e
156,2,Trieste,2e
157,2,Trieste,2e
158,2,Trieste,2e
159,2,Trieste,2e
160,2,Trieste,2e
161,2,Trieste,2e
162,2,Trieste,2e
163,2,Trieste,2e
164,2,Sacco Pastore,4h
165,2,Trieste,2e
166,2,Trieste,2e
167,2,Trieste,2e
168,2,Trieste,2e
169,2,Trieste,2e
170,2,Trieste,2e
171,2,Trieste,2e
172,2,Nomentano,3a
173,4,Pietralata,5g
174,4,Tiburtino Nord,5c
175,4,Tiburtino Nord,5c
176,4,Pietralata,5g
177,4,Pietralata,5g
178,4,Pietralata,5g
179,4,Pietralata,5g
180,4,Pietralata,5g
181,4,Pietralata,5g
182,4,Pietralata,5g
183,4,Tiburtino Nord,5c
184,4,Pietralata,5g
185,4,Tiburtino Nord,5c
186,4,Tiburtino Nord,5c
187,4,Pietralata,5g
188,4,Pietralata,5g
189,4,Pietralata,5g
190,4,Pietralata,5g
191,4,Tiburtino Nord,5c
192,4,Tiburtino Nord,5c
193,4,Tiburtino Nord,5c
194,4,Tiburtino Nord,5c
195,4,Tiburtino Nord,5c
196,4,Tiburtino Nord,5c
197,4,Tiburtino Nord,5c
198,4,Tiburtino Nord,5c
199,4,Tiburtino Nord,5c
200,4,Tiburtino Nord,5c
201,4,Tiburtino Nord,5c
202,4,Tiburtino Nord,5c
203,4,Tiburtino Nord,5c
204,4,Tiburtino Nord,5c
205,4,Tiburtino Nord,5c
206,4,Tiburtino Nord,5c
207,3,Monte Sacro Alto,4c
208,3,Monte Sacro Alto,4c
209,3,Monte Sacro Alto,4c
210,3,Monte Sacro Alto,4c
211,3,Monte Sacro Alto,4c
212,3,Monte Sacro Alto,4c
213,3,Monte Sacro Alto,4c
214,3,Monte Sacro Alto,4c
215,3,Monte Sacro Alto,4c
216,3,Monte Sacro Alto,4c
217,3,Monte Sacro Alto,4c
218,3,Monte Sacro Alto,4c
219,3,Monte Sacro Alto,4c
220,3,Monte Sacro Alto,4c
221,3,Monte Sacro Alto,4c
222,3,Monte Sacro Alto,4c
223,3,Monte Sacro Alto,4c
224,3,Monte Sacro Alto,4c
225,3,Monte Sacro Alto,4c
226,3,Monte Sacro Alto,4c
227,3,Monte Sacro Alto,4c
228,3,Monte Sacro Alto,4c
229,3,Monte Sacro Alto,4c
230,3,Monte Sacro Alto,4c
231,3,Monte Sacro Alto,4c
232,3,Monte Sacro Alto,4c
233,3,Monte Sacro Alto,4c
234,3,Monte Sacro Alto,4c
235,3,Monte Sacro Alto,4c
236,4,Casal de' Pazzi,5h
237,4,Monte Sacro,4a
238,4,Casal de' Pazzi,5h
239,4,Casal de' Pazzi,5h
240,4,Casal de' Pazzi,5h
241,4,Casal de' Pazzi,5h
242,4,Casal de' Pazzi,5h
243,4,Casal de' Pazzi,5h
244,4,Casal de' Pazzi,5h
245,4,Casal de' Pazzi,5h
246,4,Casal de' Pazzi,5h
247,4,Casal de' Pazzi,5h
248,4,Casal de' Pazzi,5h
249,4,Casal de' Pazzi,5h
250,4,Casal de' Pazzi,5h
251,4,Casal de' Pazzi,5h
252,4,Casal de' Pazzi,5h
253,4,Casal de' Pazzi,5h
254,4,Casal de' Pazzi,5h
255,4,Casal de' Pazzi,5h
256,4,Casal de' Pazzi,5h
257,4,Casal de' Pazzi,5h
258,4,Casal de' Pazzi,5h
259,4,Casal de' Pazzi,5h
260,4,Casal de' Pazzi,5h
261,4,S. Basilio,5e
262,4,S. Basilio,5e
263,4,S. Basilio,5e
264,3,Serpentara,4e
265,4,S. Basilio,5e
266,4,S. Basilio,5e
267,4,S. Basilio,5e
268,4,S. Basilio,5e
269,4,S. Basilio,5e
270,4,S. Basilio,5e
271,4,S. Basilio,5e
272,4,S. Basilio,5e
273,4,S. Basilio,5e
274,4,S. Basilio,5e
275,4,S. Basilio,5e
276,4,S. Basilio,5e
277,4,S. Basilio,5e
278,4,S. Basilio,5e
279,4,S. Basilio,5e
280,4,S. Basilio,5e
281,4,S. Basilio,5e
282,4,S. Basilio,5e
283,4,S. Basilio,5e
284,4,S. Basilio,5e
285,3,Val Melaina,4b
286,3,Val Melaina,4b
287,3,Val Melaina,4b
288,3,Val Melaina,4b
289,3,Val Melaina,4b
290,3,Val Melaina,4b
291,3,Val Melaina,4b
292,3,Val Melaina,4b
293,3,Aeropoprto dell' Urbe,4l
294,3,Val Melaina,4b
295,3,Val Melaina,4b
296,3,Val Melaina,4b
297,3,Val Melaina,4b
298,3,Serpentara,4e
299,3,Val Melaina,4b
300,3,Val Melaina,4b
301,3,Val Melaina,4b
302,3,Val Melaina,4b
303,3,Val Melaina,4b
304,3,Val Melaina,4b
305,3,Val Melaina,4b
306,3,Val Melaina,4b
307,3,Val Melaina,4b
308,3,Val Melaina,4b
309,3,Val Melaina,4b
310,3,Val Melaina,4b
311,10,Infernetto,13i
312,3,Val Melaina,4b
313,3,Val Melaina,4b
314,10,Infernetto,13i
315,3,Val Melaina,4b
316,3,Val Melaina,4b
317,3,Val Melaina,4b
318,3,Val Melaina,4b
319,3,Val Melaina,4b
320,3,Val Melaina,4b
321,3,Val Melaina,4b
322,3,Aeropoprto dell' Urbe,4l
323,3,Aeropoprto dell' Urbe,4l
324,3,Aeropoprto dell' Urbe,4l
325,3,Bufalotta,4n
326,3,Serpentara,4e
327,3,Fidene,4d
328,3,Serpentara,4e
329,3,Serpentara,4e
330,3,Serpentara,4e
331,3,Serpentara,4e
332,3,Fidene,4d
333,3,Fidene,4d
334,3,Fidene,4d
335,3,Fidene,4d
336,3,Fidene,4d
337,3,Fidene,4d
338,3,Fidene,4d
339,3,Serpentara,4e
340,3,Serpentara,4e
341,3,Serpentara,4e
342,3,Serpentara,4e
343,3,Serpentara,4e
344,3,Serpentara,4e
345,3,Serpentara,4e
346,3,Serpentara,4e
347,3,Serpentara,4e
348,3,Serpentara,4e
349,3,Serpentara,4e
350,3,Serpentara,4e
351,3,Serpentara,4e
352,3,Serpentara,4e
353,3,Serpentara,4e
354,3,Serpentara,4e
355,3,Serpentara,4e
356,3,Tor S. Giovanni,4o
357,3,Settebagni,4m
358,3,Settebagni,4m
359,3,Settebagni,4m
360,3,Tor S. Giovanni,4o
361,3,Casal Boccone,4f
362,3,Casal Boccone,4f
363,3,Casal Boccone,4f
364,3,Monte Sacro Alto,4c
365,3,Casal Boccone,4f
366,3,Val Melaina,4b
367,3,Casal Boccone,4f
368,3,Casal Boccone,4f
369,3,Serpentara,4e
370,3,Casal Boccone,4f
371,3,Serpentara,4e
372,3,Bufalotta,4n
373,3,Bufalotta,4n
374,3,Bufalotta,4n
375,3,Tor S. Giovanni,4o
376,4,S. Alessandro,5i
377,4,S. Alessandro,5i
378,4,S. Alessandro,5i
379,4,S. Alessandro,5i
380,4,S. Alessandro,5i
381,4,Settecamini,5l
382,4,Settecamini,5l
383,4,Settecamini,5l
384,4,Settecamini,5l
385,4,S. Alessandro,5i
386,4,Settecamini,5l
387,4,Settecamini,5l
388,4,Settecamini,5l
389,4,Settecamini,5l
390,4,Settecamini,5l
391,2,Università ,3x
392,2,S. Lorenzo,3b
393,2,S. Lorenzo,3b
394,2,S. Lorenzo,3b
395,2,S. Lorenzo,3b
396,2,S. Lorenzo,3b
397,2,S. Lorenzo,3b
398,2,Verano,3y
399,2,S. Lorenzo,3b
400,2,S. Lorenzo,3b
401,2,Verano,3y
402,4,Casal Bertone,5a
403,4,Casal Bertone,5a
404,4,Casal Bertone,5a
405,4,Casal Bertone,5a
406,4,Casal Bertone,5a
407,4,Casal Bertone,5a
408,4,Casal Bertone,5a
409,4,Casal Bertone,5a
410,4,Casal Bertone,5a
411,4,Casal Bertone,5a
412,5,Torpignattara,6a
413,5,Torpignattara,6a
414,5,Torpignattara,6a
415,5,Torpignattara,6a
416,5,Torpignattara,6a
417,5,Torpignattara,6a
418,5,Torpignattara,6a
419,5,Torpignattara,6a
420,5,Torpignattara,6a
421,5,Torpignattara,6a
422,5,Torpignattara,6a
423,5,Torpignattara,6a
424,5,Torpignattara,6a
425,5,Torpignattara,6a
426,5,Torpignattara,6a
427,5,Torpignattara,6a
428,5,Torpignattara,6a
429,5,Torpignattara,6a
430,5,Torpignattara,6a
431,5,Torpignattara,6a
432,5,Torpignattara,6a
433,5,Torpignattara,6a
434,5,Torpignattara,6a
435,5,Torpignattara,6a
436,5,Torpignattara,6a
437,5,Torpignattara,6a
438,5,Torpignattara,6a
439,5,Torpignattara,6a
440,5,Torpignattara,6a
441,5,Torpignattara,6a
442,5,Torpignattara,6a
443,5,Torpignattara,6a
444,5,Torpignattara,6a
445,5,Torpignattara,6a
446,5,Torpignattara,6a
447,5,Casilino,6b
448,5,Torpignattara,6a
449,4,Settecamini,5l
450,5,Casilino,6b
451,5,Torpignattara,6a
452,5,Torpignattara,6a
453,5,Torpignattara,6a
454,5,Torpignattara,6a
455,5,Gordiani,6d
456,5,Gordiani,6d
457,5,Gordiani,6d
458,5,Gordiani,6d
459,5,Gordiani,6d
460,5,Casilino,6b
461,5,Casilino,6b
462,5,Gordiani,6d
463,5,Gordiani,6d
464,5,Gordiani,6d
465,5,Casilino,6b
466,5,Gordiani,6d
467,5,Gordiani,6d
468,5,Gordiani,6d
469,5,Gordiani,6d
470,5,Casilino,6b
471,5,Casilino,6b
472,5,Casilino,6b
473,5,Casilino,6b
474,5,Casilino,6b
475,5,Casilino,6b
476,5,Casilino,6b
477,6,Lunghezza,8e
478,5,Casilino,6b
479,5,Casilino,6b
480,5,Centocelle,7a
481,5,Centocelle,7a
482,5,Centocelle,7a
483,5,Centocelle,7a
484,5,Centocelle,7a
485,5,Centocelle,7a
486,5,Centocelle,7a
487,5,Centocelle,7a
488,5,Centocelle,7a
489,5,Centocelle,7a
490,5,Centocelle,7a
491,6,Lunghezza,8e
492,5,Centocelle,7a
493,5,Centocelle,7a
494,5,Centocelle,7a
495,5,Centocelle,7a
496,5,Centocelle,7a
497,5,Centocelle,7a
498,6,Lunghezza,8e
499,5,Centocelle,7a
500,5,Centocelle,7a
501,5,Centocelle,7a
502,5,Centocelle,7a
503,5,Centocelle,7a
504,5,Centocelle,7a
505,5,Centocelle,7a
506,5,Centocelle,7a
507,5,Centro Direzionale Centocelle,7g
508,5,Centocelle,7a
509,5,Centocelle,7a
510,6,Borghesiana,8g
511,5,Centocelle,7a
512,6,Acqua Vergine,8d
513,11,Ponte Galeria,15g
514,5,Centocelle,7a
515,6,Acqua Vergine,8d
516,5,Centocelle,7a
517,5,Centocelle,7a
518,5,Centocelle,7a
519,6,S. Vittorino,8h
520,5,Centocelle,7a
521,6,S. Vittorino,8h
522,5,Centocelle,7a
523,6,Acqua Vergine,8d
524,5,Centocelle,7a
525,5,Centocelle,7a
526,5,Centocelle,7a
527,5,Centocelle,7a
528,5,Centocelle,7a
529,5,Centocelle,7a
530,5,Centocelle,7a
531,5,Centocelle,7a
532,5,Centocelle,7a
533,5,Centocelle,7a
534,6,Borghesiana,8g
535,5,Centocelle,7a
536,5,Centocelle,7a
537,4,Casal Bertone,5a
538,4,Casal Bertone,5a
539,4,Casal Bertone,5a
540,4,Casal Bertone,5a
541,4,Casal Bertone,5a
542,4,Casal Bruciato,5b
543,4,Casal Bruciato,5b
544,4,Casal Bruciato,5b
545,4,Casal Bruciato,5b
546,4,Casal Bruciato,5b
547,4,Casal Bruciato,5b
548,4,Casal Bruciato,5b
549,4,Casal Bruciato,5b
550,4,Casal Bruciato,5b
551,4,Casal Bruciato,5b
552,4,Casal Bruciato,5b
553,4,Casal Bruciato,5b
554,4,Casal Bruciato,5b
555,4,Casal Bruciato,5b
556,4,Casal Bruciato,5b
557,4,Casal Bruciato,5b
558,4,Casal Bruciato,5b
559,4,Casal Bruciato,5b
560,4,Casal Bruciato,5b
561,4,Casal Bruciato,5b
562,4,Casal Bruciato,5b
563,4,Casal Bruciato,5b
564,4,Tiburtino Sud,5d
565,4,Tiburtino Sud,5d
566,4,Tiburtino Sud,5d
567,4,Tiburtino Sud,5d
568,4,Tiburtino Sud,5d
569,4,Tiburtino Sud,5d
570,4,Casal Bruciato,5b
571,4,Tiburtino Sud,5d
572,4,Tiburtino Sud,5d
573,4,Tiburtino Sud,5d
574,4,Tiburtino Sud,5d
575,4,Tiburtino Sud,5d
576,4,Tiburtino Sud,5d
577,15,Prima Porta,20l
578,5,Gordiani,6d
579,5,Gordiani,6d
580,5,Gordiani,6d
581,5,Gordiani,6d
582,5,Gordiani,6d
583,5,Gordiani,6d
584,5,Gordiani,6d
585,5,Gordiani,6d
586,5,Gordiani,6d
587,5,Gordiani,6d
588,5,Gordiani,6d
589,5,Gordiani,6d
590,5,Gordiani,6d
591,5,Gordiani,6d
592,5,Gordiani,6d
593,5,Gordiani,6d
594,5,Gordiani,6d
595,9,Mezzocammino,12f
596,5,Gordiani,6d
597,5,Gordiani,6d
598,5,Gordiani,6d
599,5,Gordiani,6d
600,5,Gordiani,6d
601,5,Gordiani,6d
602,5,Gordiani,6d
603,5,Gordiani,6d
604,5,Alessandrina,7b
605,5,Alessandrina,7b
606,5,Alessandrina,7b
607,5,Alessandrina,7b
608,5,Alessandrina,7b
609,5,Alessandrina,7b
610,5,Alessandrina,7b
611,5,Alessandrina,7b
612,5,Alessandrina,7b
613,5,Alessandrina,7b
614,5,Alessandrina,7b
615,5,Alessandrina,7b
616,6,Lunghezza,8e
617,5,Alessandrina,7b
618,5,Torrespaccata,8a
619,5,Alessandrina,7b
620,5,Alessandrina,7b
621,5,Alessandrina,7b
622,5,Alessandrina,7b
623,5,Alessandrina,7b
624,5,Alessandrina,7b
625,5,Alessandrina,7b
626,5,Alessandrina,7b
627,6,Lunghezza,8e
628,5,Alessandrina,7b
629,5,Alessandrina,7b
630,5,Alessandrina,7b
631,5,Tor Tre Teste,7e
632,5,Tor Tre Teste,7e
633,5,Tor Tre Teste,7e
634,5,Tor Tre Teste,7e
635,5,Casetta Mistica,7f
636,5,Tor Tre Teste,7e
637,5,Tor Tre Teste,7e
638,5,Tor Tre Teste,7e
639,5,Tor Tre Teste,7e
640,5,Tor Tre Teste,7e
641,5,Tor Tre Teste,7e
642,5,Tor Tre Teste,7e
643,5,Tor Tre Teste,7e
644,4,Tiburtino Sud,5d
645,4,Tiburtino Sud,5d
646,4,Tiburtino Sud,5d
647,4,Tiburtino Sud,5d
648,4,Tiburtino Sud,5d
649,4,Tiburtino Sud,5d
650,4,Tiburtino Sud,5d
651,4,Tiburtino Sud,5d
652,4,Tiburtino Sud,5d
653,4,Tiburtino Sud,5d
654,4,Tiburtino Sud,5d
655,4,Tor Cervara,5f
656,4,Tor Cervara,5f
657,5,Alessandrina,7b
658,5,Tor Sapienza,7c
659,5,Tor Sapienza,7c
660,5,Tor Sapienza,7c
661,5,Tor Sapienza,7c
662,5,Tor Sapienza,7c
663,5,Tor Sapienza,7c
664,5,Tor Sapienza,7c
665,5,Tor Sapienza,7c
666,5,Tor Sapienza,7c
667,5,Tor Sapienza,7c
668,5,Omo,7h
669,5,Omo,7h
670,5,La Rustica,7d
671,5,La Rustica,7d
672,5,La Rustica,7d
673,5,La Rustica,7d
674,5,La Rustica,7d
675,5,La Rustica,7d
676,5,Tor Cervara,5f
677,6,Acqua Vergine,8d
678,6,Acqua Vergine,8d
679,6,Lunghezza,8e
680,6,Lunghezza,8e
681,6,Lunghezza,8e
682,6,Lunghezza,8e
683,6,Lunghezza,8e
684,6,Lunghezza,8e
685,6,Lunghezza,8e
686,6,Lunghezza,8e
687,6,Lunghezza,8e
688,6,Lunghezza,8e
689,6,Lunghezza,8e
690,6,S. Vittorino,8h
691,6,S. Vittorino,8h
692,6,S. Vittorino,8h
693,6,S. Vittorino,8h
694,6,S. Vittorino,8h
695,6,S. Vittorino,8h
696,5,Casetta Mistica,7f
697,6,Torre Maura,8b
698,6,Torre Maura,8b
699,6,Torre Maura,8b
700,6,Torre Maura,8b
701,6,Torre Maura,8b
702,6,Torre Maura,8b
703,6,Torre Maura,8b
704,6,Torre Maura,8b
705,6,Torre Maura,8b
706,6,Torre Maura,8b
707,6,Torre Maura,8b
708,6,Torre Maura,8b
709,6,Torre Angela,8f
710,6,Torre Angela,8f
711,6,Torre Angela,8f
712,6,Torre Angela,8f
713,6,Torre Angela,8f
714,6,Torre Angela,8f
715,6,Torre Angela,8f
716,6,Torre Angela,8f
717,6,Torre Angela,8f
718,6,Torre Angela,8f
719,6,Torre Angela,8f
720,6,Torre Angela,8f
721,6,Torre Angela,8f
722,6,Torre Angela,8f
723,6,Torre Angela,8f
724,6,Torre Angela,8f
725,6,Torre Angela,8f
726,6,Torre Angela,8f
727,6,Torre Angela,8f
728,6,Torre Angela,8f
729,6,Torre Angela,8f
730,6,Torre Angela,8f
731,6,Torre Angela,8f
732,6,Torre Angela,8f
733,6,Torre Angela,8f
734,6,Torre Angela,8f
735,6,Torre Angela,8f
736,6,Torre Angela,8f
737,6,Torre Angela,8f
738,6,Torre Angela,8f
739,6,Torre Angela,8f
740,6,Torre Angela,8f
741,6,Torre Angela,8f
742,6,Torre Angela,8f
743,6,Borghesiana,8g
744,6,Torre Angela,8f
745,6,Torre Angela,8f
746,6,Torre Angela,8f
747,6,Torre Angela,8f
748,6,Torre Angela,8f
749,6,Torre Angela,8f
750,6,Torre Angela,8f
751,6,Torre Angela,8f
752,6,Torre Angela,8f
753,6,Torre Angela,8f
754,6,Torre Angela,8f
755,6,Torre Angela,8f
756,6,Torre Angela,8f
757,6,Torre Angela,8f
758,6,Torre Angela,8f
759,6,Torre Angela,8f
760,6,Torre Angela,8f
761,6,Torre Angela,8f
762,6,Torre Angela,8f
763,6,Torre Angela,8f
764,6,Torre Angela,8f
765,6,Borghesiana,8g
766,6,Torre Angela,8f
767,6,Borghesiana,8g
768,6,Borghesiana,8g
769,6,Torre Angela,8f
770,6,Torre Angela,8f
771,6,Torre Angela,8f
772,6,Acqua Vergine,8d
773,6,Torre Angela,8f
774,6,Torre Angela,8f
775,6,Borghesiana,8g
776,6,Borghesiana,8g
777,6,Borghesiana,8g
778,6,Borghesiana,8g
779,6,Borghesiana,8g
780,6,Borghesiana,8g
781,6,Borghesiana,8g
782,6,Borghesiana,8g
783,6,Borghesiana,8g
784,6,Borghesiana,8g
785,6,Borghesiana,8g
786,6,Borghesiana,8g
787,6,Borghesiana,8g
788,6,Borghesiana,8g
789,6,Borghesiana,8g
790,6,Borghesiana,8g
791,6,Borghesiana,8g
792,6,Borghesiana,8g
793,6,Borghesiana,8g
794,6,Borghesiana,8g
795,6,Borghesiana,8g
796,6,Borghesiana,8g
797,6,Borghesiana,8g
798,6,Borghesiana,8g
799,6,Borghesiana,8g
800,6,Borghesiana,8g
801,6,Borghesiana,8g
802,6,Borghesiana,8g
803,6,Giardinetti-Tor Vergata,8c
804,6,Giardinetti-Tor Vergata,8c
805,6,Giardinetti-Tor Vergata,8c
806,6,Giardinetti-Tor Vergata,8c
807,6,Giardinetti-Tor Vergata,8c
808,6,Giardinetti-Tor Vergata,8c
809,6,Giardinetti-Tor Vergata,8c
810,6,Giardinetti-Tor Vergata,8c
811,6,Giardinetti-Tor Vergata,8c
812,6,Giardinetti-Tor Vergata,8c
813,6,Giardinetti-Tor Vergata,8c
814,6,Giardinetti-Tor Vergata,8c
815,6,Giardinetti-Tor Vergata,8c
816,6,Giardinetti-Tor Vergata,8c
817,6,Giardinetti-Tor Vergata,8c
818,6,Giardinetti-Tor Vergata,8c
819,6,Giardinetti-Tor Vergata,8c
820,6,Torre Angela,8f
821,6,Torre Angela,8f
822,6,Torre Angela,8f
823,6,Giardinetti-Tor Vergata,8c
824,6,Giardinetti-Tor Vergata,8c
825,6,Torre Angela,8f
826,6,Torre Angela,8f
827,6,Torre Angela,8f
828,1,Esquilino,1e
829,1,Esquilino,1e
830,1,Esquilino,1e
831,1,Esquilino,1e
832,1,Esquilino,1e
833,1,Esquilino,1e
834,1,Esquilino,1e
835,1,Esquilino,1e
836,1,Esquilino,1e
837,1,Esquilino,1e
838,1,Esquilino,1e
839,1,Celio,1g
840,1,Zona Archeologica,1x
841,1,Celio,1g
842,10,Malafede,13a
843,1,Aventino,1c
844,7,Barcaccia,10i
845,1,Aventino,1c
846,1,Zona Archeologica,1x
847,1,Zona Archeologica,1x
848,7,Morena,10l
849,9,Vallerano Castel di Leva,12h
850,9,Vallerano Castel di Leva,12h
851,1,Aventino,1c
852,1,Aventino,1c
853,1,Zona Archeologica,1x
854,7,Tuscolano Nord,9a
855,7,Tuscolano Nord,9a
856,3,Bufalotta,4n
857,7,Tuscolano Nord,9a
858,7,Tuscolano Nord,9a
859,7,Tuscolano Nord,9a
860,7,Tuscolano Nord,9a
861,7,Tuscolano Nord,9a
862,7,Barcaccia,10i
863,7,Tuscolano Sud,9b
864,7,Tuscolano Nord,9a
865,7,Tuscolano Nord,9a
866,7,Tuscolano Nord,9a
867,7,Tuscolano Nord,9a
868,7,Tuscolano Nord,9a
869,7,Tuscolano Nord,9a
870,7,Tuscolano Nord,9a
871,7,Tuscolano Nord,9a
872,7,Tuscolano Nord,9a
873,7,Tuscolano Nord,9a
874,7,Tuscolano Nord,9a
875,7,Lucrezia Romana,10e
876,7,Tuscolano Nord,9a
877,7,Tuscolano Nord,9a
878,7,Tuscolano Sud,9b
879,7,Tuscolano Sud,9b
880,7,Tuscolano Sud,9b
881,7,Tuscolano Sud,9b
882,7,Tuscolano Sud,9b
883,7,Tuscolano Sud,9b
884,7,Tuscolano Sud,9b
885,7,Tuscolano Sud,9b
886,7,Tuscolano Sud,9b
887,7,Tuscolano Sud,9b
888,7,Tuscolano Sud,9b
889,7,Tuscolano Sud,9b
890,7,Tuscolano Sud,9b
891,7,Tuscolano Sud,9b
892,7,Tuscolano Sud,9b
893,7,Tuscolano Sud,9b
894,7,Tuscolano Sud,9b
895,7,Tuscolano Sud,9b
896,7,Tuscolano Sud,9b
897,7,Tuscolano Sud,9b
898,7,Tuscolano Sud,9b
899,7,Tuscolano Sud,9b
900,7,Tuscolano Sud,9b
901,7,Tuscolano Sud,9b
902,7,Tuscolano Sud,9b
903,7,Tuscolano Sud,9b
904,7,Tuscolano Sud,9b
905,7,Tuscolano Sud,9b
906,7,Tuscolano Sud,9b
907,7,Tuscolano Sud,9b
908,7,Tuscolano Sud,9b
909,7,Tuscolano Sud,9b
910,7,Tuscolano Sud,9b
911,7,Tuscolano Sud,9b
912,7,Tuscolano Sud,9b
913,7,Tuscolano Sud,9b
914,7,Tuscolano Sud,9b
915,7,Tuscolano Sud,9b
916,7,Tuscolano Sud,9b
917,7,Tuscolano Sud,9b
918,7,Tor Fiscale,9c
919,7,Tor Fiscale,9c
920,5,Quadraro,6c
921,5,Quadraro,6c
922,5,Quadraro,6c
923,5,Quadraro,6c
924,5,Quadraro,6c
925,5,Quadraro,6c
926,5,Quadraro,6c
927,5,Quadraro,6c
928,5,Quadraro,6c
929,5,Quadraro,6c
930,5,Casilino,6b
931,7,Gregna,10h
932,5,Quadraro,6c
933,5,Quadraro,6c
934,5,Quadraro,6c
935,5,Quadraro,6c
936,9,Vallerano Castel di Leva,12h
937,5,Quadraro,6c
938,5,Quadraro,6c
939,5,Quadraro,6c
940,5,Quadraro,6c
941,7,Don Bosco,10a
942,7,Don Bosco,10a
943,7,Don Bosco,10a
944,7,Don Bosco,10a
945,7,Don Bosco,10a
946,7,Don Bosco,10a
947,7,Don Bosco,10a
948,7,Don Bosco,10a
949,9,Porta Medaglia,12l
950,7,Don Bosco,10a
951,7,Don Bosco,10a
952,7,Appio-Claudio,10b
953,7,Don Bosco,10a
954,7,Appio-Claudio,10b
955,7,Appio-Claudio,10b
956,7,Appio-Claudio,10b
957,7,Appio-Claudio,10b
958,7,Appio-Claudio,10b
959,7,Appio-Claudio,10b
960,7,Appio-Claudio,10b
961,7,Appio-Claudio,10b
962,7,Appio,9d
963,7,Appio,9d
964,7,Appio,9d
965,7,Appio,9d
966,7,Appio,9d
967,7,Appio,9d
968,7,Appio,9d
969,7,Appio,9d
970,7,Appio,9d
971,7,Appio,9d
972,7,Appio,9d
973,7,Appio,9d
974,7,Appio,9d
975,7,Appio,9d
976,7,Appio,9d
977,7,Appio,9d
978,7,Appio,9d
979,7,Appio,9d
980,7,Appio,9d
981,7,Appio,9d
982,7,Appio,9d
983,7,Appio,9d
984,7,Appio,9d
985,7,Appio,9d
986,7,Appio,9d
987,7,Appio,9d
988,7,Appio,9d
989,7,Appio,9d
990,7,Latino,9e
991,7,Latino,9e
992,7,Latino,9e
993,7,Latino,9e
994,7,Latino,9e
995,7,Latino,9e
996,7,Latino,9e
997,7,Latino,9e
998,7,Latino,9e
999,7,Latino,9e
1000,7,Latino,9e
1001,7,Latino,9e
1002,7,Latino,9e
1003,7,Latino,9e
1004,7,Latino,9e
1005,7,Latino,9e
1006,7,Latino,9e
1007,7,Latino,9e
1008,7,Latino,9e
1009,9,Vallerano Castel di Leva,12h
1010,7,Latino,9e
1011,9,Mezzocammino,12f
1012,7,Latino,9e
1013,7,Tuscolano Sud,9b
1014,7,Tuscolano Sud,9b
1015,7,Tuscolano Sud,9b
1016,7,Tuscolano Sud,9b
1017,7,Tuscolano Sud,9b
1018,7,Tuscolano Sud,9b
1019,7,Tuscolano Sud,9b
1020,7,Tuscolano Sud,9b
1021,7,Tuscolano Sud,9b
1022,7,Tuscolano Sud,9b
1023,8,Appia Antica Nord,11x
1024,7,Don Bosco,10a
1025,7,Don Bosco,10a
1026,7,Don Bosco,10a
1027,7,Don Bosco,10a
1028,7,Don Bosco,10a
1029,7,Don Bosco,10a
1030,7,Don Bosco,10a
1031,7,Don Bosco,10a
1032,7,Don Bosco,10a
1033,7,Don Bosco,10a
1034,7,Don Bosco,10a
1035,7,Don Bosco,10a
1036,7,Don Bosco,10a
1037,7,Don Bosco,10a
1038,7,Don Bosco,10a
1039,7,Don Bosco,10a
1040,7,Don Bosco,10a
1041,7,Don Bosco,10a
1042,10,Malafede,13a
1043,7,Don Bosco,10a
1044,7,Don Bosco,10a
1045,7,Don Bosco,10a
1046,7,Don Bosco,10a
1047,7,Don Bosco,10a
1048,7,Don Bosco,10a
1049,7,Don Bosco,10a
1050,7,Don Bosco,10a
1051,7,Don Bosco,10a
1052,7,Don Bosco,10a
1053,7,Don Bosco,10a
1054,7,Don Bosco,10a
1055,7,Don Bosco,10a
1056,7,Don Bosco,10a
1057,7,Don Bosco,10a
1058,7,Don Bosco,10a
1059,9,Vallerano Castel di Leva,12h
1060,7,Don Bosco,10a
1061,7,Don Bosco,10a
1062,7,Don Bosco,10a
1063,7,Don Bosco,10a
1064,7,Don Bosco,10a
1065,7,Don Bosco,10a
1066,7,Don Bosco,10a
1067,7,Don Bosco,10a
1068,7,Don Bosco,10a
1069,7,Osteria del Curato,10f
1070,7,Osteria del Curato,10f
1071,7,Osteria del Curato,10f
1072,7,Osteria del Curato,10f
1073,7,Osteria del Curato,10f
1074,9,Mezzocammino,12f
1075,6,Torre Maura,8b
1076,7,Torrespaccata,8a
1077,7,Torrespaccata,8a
1078,7,Torrespaccata,8a
1079,7,Torrespaccata,8a
1080,7,Torrespaccata,8a
1081,7,Torrespaccata,8a
1082,7,Torrespaccata,8a
1083,7,Torrespaccata,8a
1084,7,Torrespaccata,8a
1085,7,Torrespaccata,8a
1086,7,Torrespaccata,8a
1087,7,Torrespaccata,8a
1088,7,Torrespaccata,8a
1089,7,Torrespaccata,8a
1090,5,Centro Direzionale Centocelle,7g
1091,7,Appio-Claudio,10b
1092,7,Appio-Claudio,10b
1093,7,Appio-Claudio,10b
1094,7,Appio-Claudio,10b
1095,7,Appio-Claudio,10b
1096,7,Appio-Claudio,10b
1097,7,Appio-Claudio,10b
1098,7,Appio-Claudio,10b
1099,7,Appio-Claudio,10b
1100,7,Appio-Claudio,10b
1101,7,Appio-Claudio,10b
1102,7,Appio-Claudio,10b
1103,7,Appio-Claudio,10b
1104,7,Appio-Claudio,10b
1105,7,Appio-Claudio,10b
1106,7,Appio-Claudio,10b
1107,7,Appio-Claudio,10b
1108,7,Appio-Claudio,10b
1109,7,Appio-Claudio,10b
1110,7,Appio-Claudio,10b
1111,7,Appio-Claudio,10b
1112,7,Quarto Miglio,10c
1113,7,Quarto Miglio,10c
1114,7,Quarto Miglio,10c
1115,7,Quarto Miglio,10c
1116,7,Quarto Miglio,10c
1117,7,Quarto Miglio,10c
1118,7,Quarto Miglio,10c
1119,7,Appia Antica Nord,11x
1120,7,Quarto Miglio,10c
1121,7,Pignatelli,10d
1122,7,Pignatelli,10d
1123,7,Pignatelli,10d
1124,7,Pignatelli,10d
1125,7,Pignatelli,10d
1126,7,Pignatelli,10d
1127,8,Appia Antica Nord,11x
1128,6,Torre Maura,8b
1129,6,Torre Maura,8b
1130,6,Torre Maura,8b
1131,6,Torre Maura,8b
1132,6,Torre Maura,8b
1133,6,Torre Maura,8b
1134,6,Torre Maura,8b
1135,6,Torre Maura,8b
1136,7,Osteria del Curato,10f
1137,7,Osteria del Curato,10f
1138,7,Osteria del Curato,10f
1139,7,Osteria del Curato,10f
1140,7,Osteria del Curato,10f
1141,7,Osteria del Curato,10f
1142,7,Osteria del Curato,10f
1143,7,Osteria del Curato,10f
1144,7,Osteria del Curato,10f
1145,7,Osteria del Curato,10f
1146,7,Osteria del Curato,10f
1147,7,Osteria del Curato,10f
1148,7,Osteria del Curato,10f
1149,7,Romanina,10g
1150,7,Osteria del Curato,10f
1151,7,Osteria del Curato,10f
1152,7,Morena,10l
1153,7,Romanina,10g
1154,7,Romanina,10g
1155,7,Romanina,10g
1156,7,Romanina,10g
1157,7,Romanina,10g
1158,7,Barcaccia,10i
1159,7,Barcaccia,10i
1160,7,Barcaccia,10i
1161,7,Barcaccia,10i
1162,7,Quarto Miglio,10c
1163,7,Lucrezia Romana,10e
1164,7,Lucrezia Romana,10e
1165,7,Gregna,10h
1166,7,Gregna,10h
1167,7,Gregna,10h
1168,7,Morena,10l
1169,7,Morena,10l
1170,7,Morena,10l
1171,7,Morena,10l
1172,7,Morena,10l
1173,7,Morena,10l
1174,7,Morena,10l
1175,7,Morena,10l
1176,7,Morena,10l
1177,7,Morena,10l
1178,7,Morena,10l
1179,7,Morena,10l
1180,7,Morena,10l
1181,7,Morena,10l
1182,7,Morena,10l
1183,7,Morena,10l
1184,7,Morena,10l
1185,7,Morena,10l
1186,7,Gregna,10h
1187,7,Morena,10l
1188,7,Morena,10l
1189,7,Morena,10l
1190,7,Morena,10l
1191,7,Morena,10l
1192,7,Morena,10l
1193,7,Ciampino,10x
1194,8,Appia Antica Nord,11x
1195,8,Appia Antica Sud,11y
1196,9,Vallerano Castel di Leva,12h
1197,9,Vallerano Castel di Leva,12h
1198,9,Vallerano Castel di Leva,12h
1199,9,Vallerano Castel di Leva,12h
1200,9,Vallerano Castel di Leva,12h
1201,9,Vallerano Castel di Leva,12h
1202,9,Vallerano Castel di Leva,12h
1203,9,Vallerano Castel di Leva,12h
1204,9,Porta Medaglia,12l
1205,9,Porta Medaglia,12l
1206,9,Santa Palomba,12n
1207,9,Vallerano Castel di Leva,12h
1208,9,Decima,12i
1209,9,Vallerano Castel di Leva,12h
1210,9,Vallerano Castel di Leva,12h
1211,9,Vallerano Castel di Leva,12h
1212,9,Vallerano Castel di Leva,12h
1213,9,Decima,12i
1214,9,Decima,12i
1215,9,Decima,12i
1216,9,Decima,12i
1217,1,Testaccio,1d
1218,9,Torrino,12c
1219,10,Infernetto,13i
1220,1,Testaccio,1d
1221,1,Testaccio,1d
1222,1,Testaccio,1d
1223,1,Testaccio,1d
1224,1,Testaccio,1d
1225,1,Testaccio,1d
1226,1,Testaccio,1d
1227,1,Aventino,1c
1228,1,Aventino,1c
1229,1,Aventino,1c
1230,8,Ostiense,11a
1231,8,Ostiense,11a
1232,8,Ostiense,11a
1233,8,Ostiense,11a
1234,8,Ostiense,11a
1235,8,Ostiense,11a
1236,8,Garbatella,11c
1237,8,Garbatella,11c
1238,8,Garbatella,11c
1239,8,Garbatella,11c
1240,8,Garbatella,11c
1241,8,Garbatella,11c
1242,8,Garbatella,11c
1243,8,Navigatori,11d
1244,8,Garbatella,11c
1245,8,Garbatella,11c
1246,8,Garbatella,11c
1247,8,Garbatella,11c
1248,8,Garbatella,11c
1249,8,Garbatella,11c
1250,8,Garbatella,11c
1251,8,Garbatella,11c
1252,8,Garbatella,11c
1253,8,Garbatella,11c
1254,8,Garbatella,11c
1255,8,Garbatella,11c
1256,8,Garbatella,11c
1257,8,Garbatella,11c
1258,8,Garbatella,11c
1259,8,Garbatella,11c
1260,8,Garbatella,11c
1261,8,Appia Antica Nord,11x
1262,8,Garbatella,11c
1263,8,Garbatella,11c
1264,8,Garbatella,11c
1265,8,Ostiense,11a
1266,8,Valco S. Paolo,11b
1267,8,Valco S. Paolo,11b
1268,8,Garbatella,11c
1269,8,Garbatella,11c
1270,11,Ponte Galeria,15g
1271,8,Garbatella,11c
1272,8,Garbatella,11c
1273,13,Boccea,18f
1274,8,Garbatella,11c
1275,8,Garbatella,11c
1276,8,Garbatella,11c
1277,8,Garbatella,11c
1278,8,Garbatella,11c
1279,8,Garbatella,11c
1280,8,Garbatella,11c
1281,8,Garbatella,11c
1282,8,Garbatella,11c
1283,8,Garbatella,11c
1284,8,Garbatella,11c
1285,8,Garbatella,11c
1286,8,Garbatella,11c
1287,8,Valco S. Paolo,11b
1288,8,Valco S. Paolo,11b
1289,8,Valco S. Paolo,11b
1290,8,Valco S. Paolo,11b
1291,8,Valco S. Paolo,11b
1292,8,Valco S. Paolo,11b
1293,8,Valco S. Paolo,11b
1294,9,Eur,12a
1295,12,Testaccio,1d
1296,12,Gianicolense,16d
1297,12,Gianicolense,16d
1298,11,Marconi,15a
1299,11,Marconi,15a
1300,11,Marconi,15a
1301,11,Marconi,15a
1302,11,Marconi,15a
1303,11,Marconi,15a
1304,11,Marconi,15a
1305,11,Marconi,15a
1306,11,Marconi,15a
1307,11,Marconi,15a
1308,14,Castelluccia,19g
1309,11,Marconi,15a
1310,11,Marconi,15a
1311,11,Marconi,15a
1312,11,Marconi,15a
1313,11,Marconi,15a
1314,11,Marconi,15a
1315,11,Marconi,15a
1316,11,Marconi,15a
1317,11,Marconi,15a
1318,11,Marconi,15a
1319,11,Marconi,15a
1320,11,Marconi,15a
1321,11,Marconi,15a
1322,11,Marconi,15a
1323,11,Marconi,15a
1324,11,Pian Due Torri,15c
1325,11,Marconi,15a
1326,11,Marconi,15a
1327,11,Marconi,15a
1328,11,Marconi,15a
1329,11,Marconi,15a
1330,11,Marconi,15a
1331,11,Pian Due Torri,15c
1332,11,Pian Due Torri,15c
1333,11,Pian Due Torri,15c
1334,11,Pian Due Torri,15c
1335,11,Pian Due Torri,15c
1336,11,Pian Due Torri,15c
1337,11,Pian Due Torri,15c
1338,11,Pian Due Torri,15c
1339,11,Pian Due Torri,15c
1340,11,Pian Due Torri,15c
1341,11,Pian Due Torri,15c
1342,11,Pian Due Torri,15c
1343,11,Pian Due Torri,15c
1344,11,Pian Due Torri,15c
1345,11,Pian Due Torri,15c
1346,11,Pian Due Torri,15c
1347,11,Pian Due Torri,15c
1348,11,Pian Due Torri,15c
1349,11,Pian Due Torri,15c
1350,11,Pian Due Torri,15c
1351,11,Pian Due Torri,15c
1352,11,Pian Due Torri,15c
1353,11,Pian Due Torri,15c
1354,11,Trullo,15d
1355,11,Pian Due Torri,15c
1356,11,Portuense,15b
1357,11,Portuense,15b
1358,11,Portuense,15b
1359,11,Portuense,15b
1360,11,Portuense,15b
1361,11,Portuense,15b
1362,11,Portuense,15b
1363,11,Portuense,15b
1364,11,Portuense,15b
1365,11,Portuense,15b
1366,11,Portuense,15b
1367,11,Portuense,15b
1368,11,Portuense,15b
1369,11,Portuense,15b
1370,11,Portuense,15b
1371,11,Portuense,15b
1372,11,Portuense,15b
1373,11,Portuense,15b
1374,11,Portuense,15b
1375,11,Portuense,15b
1376,11,Portuense,15b
1377,11,Portuense,15b
1378,11,Portuense,15b
1379,11,Portuense,15b
1380,11,Portuense,15b
1381,11,Portuense,15b
1382,11,Pian Due Torri,15c
1383,12,Gianicolense,16d
1384,12,Gianicolense,16d
1385,12,Gianicolense,16d
1386,12,Gianicolense,16d
1387,12,Gianicolense,16d
1388,12,Gianicolense,16d
1389,12,Gianicolense,16d
1390,12,Gianicolense,16d
1391,12,Gianicolense,16d
1392,12,Gianicolense,16d
1393,12,Gianicolense,16d
1394,12,Gianicolense,16d
1395,12,Gianicolense,16d
1396,12,Gianicolense,16d
1397,12,Gianicolense,16d
1398,12,Gianicolense,16d
1399,12,Gianicolense,16d
1400,12,Gianicolense,16d
1401,12,Villa Pamphili,16x
1402,12,Gianicolense,16d
1403,12,Gianicolense,16d
1404,12,Gianicolense,16d
1405,12,Gianicolense,16d
1406,12,Gianicolense,16d
1407,12,Gianicolense,16d
1408,12,Gianicolense,16d
1409,12,Gianicolense,16d
1410,12,Gianicolense,16d
1411,12,Gianicolense,16d
1412,12,Gianicolense,16d
1413,12,Gianicolense,16d
1414,12,Gianicolense,16d
1415,12,Gianicolense,16d
1416,12,Gianicolense,16d
1417,12,Gianicolense,16d
1418,12,Gianicolense,16d
1419,12,Gianicolense,16d
1420,12,Gianicolense,16d
1421,12,Gianicolense,16d
1422,12,Gianicolense,16d
1423,12,Gianicolense,16d
1424,12,Gianicolense,16d
1425,12,Gianicolense,16d
1426,12,Gianicolense,16d
1427,12,Gianicolense,16d
1428,12,Colli Portuensi,16a
1429,12,Colli Portuensi,16a
1430,12,Colli Portuensi,16a
1431,12,Colli Portuensi,16a
1432,12,Gianicolense,16d
1433,12,Gianicolense,16d
1434,12,Gianicolense,16d
1435,12,Gianicolense,16d
1436,12,Gianicolense,16d
1437,12,Colli Portuensi,16a
1438,12,Colli Portuensi,16a
1439,12,Colli Portuensi,16a
1440,12,Colli Portuensi,16a
1441,12,Colli Portuensi,16a
1442,12,Colli Portuensi,16a
1443,12,Colli Portuensi,16a
1444,12,Colli Portuensi,16a
1445,12,Colli Portuensi,16a
1446,12,Colli Portuensi,16a
1447,12,Colli Portuensi,16a
1448,12,Colli Portuensi,16a
1449,12,Colli Portuensi,16a
1450,12,Colli Portuensi,16a
1451,12,Colli Portuensi,16a
1452,12,Colli Portuensi,16a
1453,12,Colli Portuensi,16a
1454,12,Colli Portuensi,16a
1455,12,Colli Portuensi,16a
1456,12,Colli Portuensi,16a
1457,12,Colli Portuensi,16a
1458,12,Colli Portuensi,16a
1459,12,Colli Portuensi,16a
1460,12,Colli Portuensi,16a
1461,12,Colli Portuensi,16a
1462,12,Colli Portuensi,16a
1463,12,Colli Portuensi,16a
1464,12,Colli Portuensi,16a
1465,12,Colli Portuensi,16a
1466,12,Colli Portuensi,16a
1467,12,Colli Portuensi,16a
1468,11,Marconi,15a
1469,11,Marconi,15a
1470,11,Marconi,15a
1471,11,Marconi,15a
1472,8,Navigatori,11d
1473,8,Appia Antica Nord,11x
1474,8,Navigatori,11d
1475,8,Navigatori,11d
1476,8,Navigatori,11d
1477,8,Navigatori,11d
1478,8,Appia Antica Nord,11x
1479,8,Navigatori,11d
1480,8,Tormarancia,11e
1481,8,Tormarancia,11e
1482,8,Tormarancia,11e
1483,8,Tormarancia,11e
1484,8,Tormarancia,11e
1485,8,Tormarancia,11e
1486,8,Tormarancia,11e
1487,8,Tormarancia,11e
1488,8,Tormarancia,11e
1489,8,Tormarancia,11e
1490,8,Tormarancia,11e
1491,8,Tormarancia,11e
1492,8,Tormarancia,11e
1493,8,Tormarancia,11e
1494,8,Tormarancia,11e
1495,8,Tormarancia,11e
1496,8,Tormarancia,11e
1497,8,Tormarancia,11e
1498,8,Tormarancia,11e
1499,8,Tormarancia,11e
1500,8,Tormarancia,11e
1501,8,Tormarancia,11e
1502,8,Tormarancia,11e
1503,8,Tormarancia,11e
1504,8,Tormarancia,11e
1505,8,Tormarancia,11e
1506,8,Tormarancia,11e
1507,8,Tormarancia,11e
1508,8,Eur,12a
1509,8,Tormarancia,11e
1510,8,Tre Fontane,11f
1511,8,Tre Fontane,11f
1512,8,Tre Fontane,11f
1513,8,Tre Fontane,11f
1514,8,Tre Fontane,11f
1515,8,Tre Fontane,11f
1516,8,Tre Fontane,11f
1517,8,Tre Fontane,11f
1518,8,Tre Fontane,11f
1519,8,Tre Fontane,11f
1520,8,Tre Fontane,11f
1521,8,Grottaperfetta,11g
1522,8,Grottaperfetta,11g
1523,8,Grottaperfetta,11g
1524,8,Grottaperfetta,11g
1525,8,Grottaperfetta,11g
1526,8,Grottaperfetta,11g
1527,8,Grottaperfetta,11g
1528,8,Grottaperfetta,11g
1529,8,Grottaperfetta,11g
1530,8,Grottaperfetta,11g
1531,8,Grottaperfetta,11g
1532,8,Grottaperfetta,11g
1533,8,Grottaperfetta,11g
1534,8,Grottaperfetta,11g
1535,8,Grottaperfetta,11g
1536,8,Appia Antica Nord,11x
1537,9,Cecchignola,12e
1538,9,Cecchignola,12e
1539,9,Cecchignola,12e
1540,9,Cecchignola,12e
1541,9,Cecchignola,12e
1542,9,Cecchignola,12e
1543,9,Cecchignola,12e
1544,9,Cecchignola,12e
1545,9,Villaggio Giuliano,12b
1546,9,Villaggio Giuliano,12b
1547,9,Villaggio Giuliano,12b
1548,9,Villaggio Giuliano,12b
1549,9,Villaggio Giuliano,12b
1550,9,Villaggio Giuliano,12b
1551,9,Villaggio Giuliano,12b
1552,9,Villaggio Giuliano,12b
1553,9,Villaggio Giuliano,12b
1554,9,Cecchignola,12e
1555,9,Cecchignola,12e
1556,9,Cecchignola,12e
1557,9,Cecchignola,12e
1558,9,Cecchignola,12e
1559,9,Cecchignola,12e
1560,10,Castel Porziano,13x
1561,9,Eur,12a
1562,9,Eur,12a
1563,9,Eur,12a
1564,9,Eur,12a
1565,9,Eur,12a
1566,9,Eur,12a
1567,9,Eur,12a
1568,9,Eur,12a
1569,9,Eur,12a
1570,11,Portuense,15b
1571,11,Portuense,15b
1572,11,Portuense,15b
1573,11,Portuense,15b
1574,7,Torrespaccata,8a
1575,11,Trullo,15d
1576,11,Trullo,15d
1577,11,Trullo,15d
1578,11,Trullo,15d
1579,11,Trullo,15d
1580,11,Trullo,15d
1581,11,Trullo,15d
1582,11,Trullo,15d
1583,11,Trullo,15d
1584,11,Trullo,15d
1585,11,Trullo,15d
1586,11,Trullo,15d
1587,11,Trullo,15d
1588,11,Trullo,15d
1589,11,Trullo,15d
1590,11,Trullo,15d
1591,11,Trullo,15d
1592,11,Trullo,15d
1593,11,Trullo,15d
1594,11,Trullo,15d
1595,11,Trullo,15d
1596,11,Trullo,15d
1597,11,Trullo,15d
1598,11,Trullo,15d
1599,11,Trullo,15d
1600,11,Trullo,15d
1601,11,Portuense,15b
1602,11,Portuense,15b
1603,9,Cecchignola,12e
1604,8,Appia Antica Nord,11x
1605,9,Laurentino,12d
1606,9,Laurentino,12d
1607,9,Laurentino,12d
1608,9,Laurentino,12d
1609,9,Laurentino,12d
1610,9,Laurentino,12d
1611,9,Laurentino,12d
1612,9,Laurentino,12d
1613,9,Laurentino,12d
1614,9,Laurentino,12d
1615,9,Laurentino,12d
1616,9,Laurentino,12d
1617,9,Laurentino,12d
1618,9,Laurentino,12d
1619,9,Laurentino,12d
1620,9,Laurentino,12d
1621,9,Laurentino,12d
1622,9,Laurentino,12d
1623,9,Laurentino,12d
1624,14,Castelluccia,19g
1625,9,Laurentino,12d
1626,9,Laurentino,12d
1627,9,Laurentino,12d
1628,9,Laurentino,12d
1629,9,Laurentino,12d
1630,9,Torrino,12c
1631,9,Torrino,12c
1632,9,Torrino,12c
1633,9,Torrino,12c
1634,9,Torrino,12c
1635,9,Torrino,12c
1636,9,Torrino,12c
1637,9,Torrino,12c
1638,9,Torrino,12c
1639,9,Torrino,12c
1640,9,Torrino,12c
1641,9,Torrino,12c
1642,9,Torrino,12c
1643,9,Torrino,12c
1644,9,Torrino,12c
1645,9,Torrino,12c
1646,9,Torrino,12c
1647,9,Torrino,12c
1648,9,Tor di Valle,12x
1649,9,Torrino,12c
1650,9,Torrino,12c
1651,9,Torrino,12c
1652,9,Torrino,12c
1653,9,Torrino,12c
1654,9,Torrino,12c
1655,9,Torrino,12c
1656,9,Torrino,12c
1657,9,Torrino,12c
1658,9,Mezzocammino,12f
1659,9,Torrino,12c
1660,9,Torrino,12c
1661,9,Torrino,12c
1662,9,Torrino,12c
1663,9,Torrino,12c
1664,9,Torrino,12c
1665,9,Torrino,12c
1666,9,Torrino,12c
1667,9,Torrino,12c
1668,9,Torrino,12c
1669,9,Torrino,12c
1670,9,Spinaceto,12g
1671,9,Spinaceto,12g
1672,9,Torrino,12c
1673,9,Spinaceto,12g
1674,9,Spinaceto,12g
1675,9,Spinaceto,12g
1676,9,Spinaceto,12g
1677,9,Spinaceto,12g
1678,9,Spinaceto,12g
1679,9,Spinaceto,12g
1680,9,Spinaceto,12g
1681,9,Spinaceto,12g
1682,9,Spinaceto,12g
1683,9,Spinaceto,12g
1684,9,Spinaceto,12g
1685,9,Spinaceto,12g
1686,9,Laurentino,12d
1687,9,Spinaceto,12g
1688,9,Spinaceto,12g
1689,9,Spinaceto,12g
1690,9,Spinaceto,12g
1691,9,Spinaceto,12g
1692,9,Spinaceto,12g
1693,9,Spinaceto,12g
1694,9,Spinaceto,12g
1695,9,Spinaceto,12g
1696,9,Spinaceto,12g
1697,9,Spinaceto,12g
1698,9,Castel Romano,12m
1699,1,Centro Storico,1a
1700,1,Centro Storico,1a
1701,1,Centro Storico,1a
1702,1,Centro Storico,1a
1703,1,Centro Storico,1a
1704,1,Centro Storico,1a
1705,1,Centro Storico,1a
1706,1,Centro Storico,1a
1707,1,Trastevere,1b
1708,1,Trastevere,1b
1709,1,Trastevere,1b
1710,1,Trastevere,1b
1711,1,Trastevere,1b
1712,1,Trastevere,1b
1713,1,Trastevere,1b
1714,1,Trastevere,1b
1715,1,Trastevere,1b
1716,1,Trastevere,1b
1717,1,Trastevere,1b
1718,1,Trastevere,1b
1719,1,Prati,17a
1720,1,Prati,17a
1721,1,Prati,17a
1722,13,Aurelio Sud,18a
1723,13,Aurelio Sud,18a
1724,13,Aurelio Sud,18a
1725,13,Aurelio Sud,18a
1726,13,Aurelio Sud,18a
1727,13,Aurelio Sud,18a
1728,13,Aurelio Sud,18a
1729,13,Aurelio Sud,18a
1730,14,Castelluccia,19g
1731,13,Aurelio Sud,18a
1732,13,Aurelio Sud,18a
1733,13,Aurelio Sud,18a
1734,13,Aurelio Sud,18a
1735,13,Aurelio Sud,18a
1736,13,Aurelio Sud,18a
1737,13,Aurelio Sud,18a
1738,13,Aurelio Sud,18a
1739,13,Aurelio Sud,18a
1740,13,Aurelio Sud,18a
1741,13,Aurelio Sud,18a
1742,13,Aurelio Sud,18a
1743,13,Aurelio Sud,18a
1744,13,Aurelio Nord,18d
1745,13,Aurelio Nord,18d
1746,13,Aurelio Nord,18d
1747,13,Aurelio Nord,18d
1748,13,Aurelio Nord,18d
1749,13,Aurelio Nord,18d
1750,13,Aurelio Sud,18a
1751,13,Aurelio Nord,18d
1752,13,Aurelio Nord,18d
1753,13,Aurelio Nord,18d
1754,13,Aurelio Nord,18d
1755,10,Infernetto,13i
1756,13,Aurelio Nord,18d
1757,6,Lunghezza,8e
1758,13,Aurelio Nord,18d
1759,13,Aurelio Nord,18d
1760,13,Aurelio Nord,18d
1761,13,Aurelio Nord,18d
1762,3,Casal Boccone,4f
1763,13,Aurelio Nord,18d
1764,1,Eroi,17c
1765,1,Eroi,17c
1766,1,Eroi,17c
1767,1,Eroi,17c
1768,1,Eroi,17c
1769,1,Eroi,17c
1770,1,Eroi,17c
1771,1,Eroi,17c
1772,1,Eroi,17c
1773,1,Eroi,17c
1774,1,Eroi,17c
1775,1,Eroi,17c
1776,1,Eroi,17c
1777,1,Eroi,17c
1778,1,Eroi,17c
1779,1,Eroi,17c
1780,1,Eroi,17c
1781,1,Eroi,17c
1782,1,Eroi,17c
1783,14,Medaglie d' Oro,19a
1784,14,Medaglie d' Oro,19a
1785,14,Medaglie d' Oro,19a
1786,14,Medaglie d' Oro,19a
1787,14,Medaglie d' Oro,19a
1788,14,Medaglie d' Oro,19a
1789,14,Medaglie d' Oro,19a
1790,14,Medaglie d' Oro,19a
1791,14,Medaglie d' Oro,19a
1792,14,Medaglie d' Oro,19a
1793,14,Medaglie d' Oro,19a
1794,14,Medaglie d' Oro,19a
1795,14,Medaglie d' Oro,19a
1796,14,Pineto,19f
1797,14,Medaglie d' Oro,19a
1798,14,Medaglie d' Oro,19a
1799,14,Medaglie d' Oro,19a
1800,14,Medaglie d' Oro,19a
1801,14,Medaglie d' Oro,19a
1802,14,Medaglie d' Oro,19a
1803,14,Medaglie d' Oro,19a
1804,14,Medaglie d' Oro,19a
1805,14,Medaglie d' Oro,19a
1806,14,Medaglie d' Oro,19a
1807,14,Medaglie d' Oro,19a
1808,14,Medaglie d' Oro,19a
1809,14,Medaglie d' Oro,19a
1810,14,Pineto,19f
1811,14,Medaglie d' Oro,19a
1812,10,Ostia Nord,13f
1813,10,Ostia Nord,13f
1814,10,Ostia Nord,13f
1815,10,Ostia Nord,13f
1816,10,Ostia Nord,13f
1817,10,Ostia Nord,13f
1818,10,Ostia Nord,13f
1819,10,Ostia Nord,13f
1820,10,Ostia Nord,13f
1821,10,Ostia Nord,13f
1822,10,Ostia Nord,13f
1823,10,Ostia Nord,13f
1824,10,Ostia Nord,13f
1825,10,Ostia Nord,13f
1826,10,Ostia Nord,13f
1827,10,Ostia Nord,13f
1828,10,Ostia Nord,13f
1829,10,Ostia Nord,13f
1830,10,Ostia Nord,13f
1831,10,Ostia Nord,13f
1832,10,Ostia Antica,13e
1833,10,Ostia Sud,13g
1834,10,Ostia Nord,13f
1835,10,Ostia Nord,13f
1836,10,Ostia Nord,13f
1837,10,Ostia Nord,13f
1838,10,Ostia Nord,13f
1839,10,Ostia Nord,13f
1840,10,Ostia Nord,13f
1841,10,Ostia Nord,13f
1842,10,Ostia Nord,13f
1843,10,Ostia Nord,13f
1844,10,Ostia Nord,13f
1845,10,Ostia Nord,13f
1846,10,Ostia Nord,13f
1847,10,Infernetto,13i
1848,10,Ostia Nord,13f
1849,10,Ostia Nord,13f
1850,10,Ostia Nord,13f
1851,10,Ostia Sud,13g
1852,10,Ostia Sud,13g
1853,10,Ostia Sud,13g
1854,10,Ostia Sud,13g
1855,10,Ostia Sud,13g
1856,10,Ostia Sud,13g
1857,10,Ostia Sud,13g
1858,10,Ostia Sud,13g
1859,10,Ostia Sud,13g
1860,10,Ostia Sud,13g
1861,10,Ostia Sud,13g
1862,10,Ostia Sud,13g
1863,10,Ostia Sud,13g
1864,10,Ostia Sud,13g
1865,10,Ostia Sud,13g
1866,10,Infernetto,13i
1867,10,Ostia Sud,13g
1868,10,Ostia Sud,13g
1869,10,Ostia Sud,13g
1870,10,Ostia Sud,13g
1871,10,Ostia Sud,13g
1872,10,Ostia Sud,13g
1873,10,Ostia Sud,13g
1874,10,Ostia Sud,13g
1875,10,Ostia Sud,13g
1876,10,Ostia Sud,13g
1877,10,Ostia Sud,13g
1878,10,Ostia Sud,13g
1879,10,Ostia Sud,13g
1880,10,Ostia Sud,13g
1881,10,Ostia Sud,13g
1882,10,Ostia Sud,13g
1883,10,Ostia Sud,13g
1884,10,Castel Porziano,13x
1885,12,Pisana,16c
1886,12,Pisana,16c
1887,12,Buon Pastore,16b
1888,12,Buon Pastore,16b
1889,12,Buon Pastore,16b
1890,12,Buon Pastore,16b
1891,12,Buon Pastore,16b
1892,12,Buon Pastore,16b
1893,12,Buon Pastore,16b
1894,12,Buon Pastore,16b
1895,12,Buon Pastore,16b
1896,12,Pisana,16c
1897,12,Buon Pastore,16b
1898,12,Buon Pastore,16b
1899,12,Buon Pastore,16b
1900,12,Buon Pastore,16b
1901,12,Buon Pastore,16b
1902,12,Buon Pastore,16b
1903,12,Buon Pastore,16b
1904,12,Buon Pastore,16b
1905,12,Buon Pastore,16b
1906,12,Buon Pastore,16b
1907,12,Buon Pastore,16b
1908,12,Buon Pastore,16b
1909,10,Infernetto,13i
1910,12,Buon Pastore,16b
1911,12,Buon Pastore,16b
1912,12,Buon Pastore,16b
1913,12,Buon Pastore,16b
1914,12,Buon Pastore,16b
1915,12,Buon Pastore,16b
1916,12,Buon Pastore,16b
1917,12,Buon Pastore,16b
1918,12,Buon Pastore,16b
1919,12,Buon Pastore,16b
1920,11,Magliana,15e
1921,11,Corviale,15f
1922,10,Acilia Nord,13b
1923,11,Corviale,15f
1924,11,Corviale,15f
1925,11,Corviale,15f
1926,11,Corviale,15f
1927,11,Corviale,15f
1928,11,Corviale,15f
1929,11,Corviale,15f
1930,10,Infernetto,13i
1931,11,Corviale,15f
1932,11,Corviale,15f
1933,14,Castelluccia,19g
1934,11,Corviale,15f
1935,11,Corviale,15f
1936,11,Corviale,15f
1937,13,Val Cannuta,18b
1938,13,Val Cannuta,18b
1939,13,Val Cannuta,18b
1940,13,Val Cannuta,18b
1941,13,Val Cannuta,18b
1942,13,Aurelio Nord,18d
1943,13,Val Cannuta,18b
1944,13,Val Cannuta,18b
1945,13,Val Cannuta,18b
1946,13,Val Cannuta,18b
1947,13,Val Cannuta,18b
1948,13,Val Cannuta,18b
1949,13,Val Cannuta,18b
1950,13,Val Cannuta,18b
1951,13,Val Cannuta,18b
1952,13,Fogaccia,18c
1953,13,Fogaccia,18c
1954,13,Fogaccia,18c
1955,13,Boccea,18f
1956,13,Fogaccia,18c
1957,13,Fogaccia,18c
1958,13,Fogaccia,18c
1959,13,Fogaccia,18c
1960,13,Fogaccia,18c
1961,13,Fogaccia,18c
1962,13,Fogaccia,18c
1963,13,Val Cannuta,18b
1964,10,Castel Porziano,13x
1965,10,Castel Fusano,13h
1966,10,Infernetto,13i
1967,10,Infernetto,13i
1968,10,Infernetto,13i
1969,10,Infernetto,13i
1970,10,Castel Porziano,13x
1971,10,Castel Porziano,13x
1972,10,Infernetto,13i
1973,9,Mezzocammino,12f
1974,9,Mezzocammino,12f
1975,9,Mezzocammino,12f
1976,9,Mezzocammino,12f
1977,9,Mezzocammino,12f
1978,9,Mezzocammino,12f
1979,10,Acilia Nord,13b
1980,10,Acilia Nord,13b
1981,10,Acilia Nord,13b
1982,10,Acilia Nord,13b
1983,10,Acilia Nord,13b
1984,10,Acilia Sud,13c
1985,10,Acilia Nord,13b
1986,10,Acilia Nord,13b
1987,10,Acilia Nord,13b
1988,10,Acilia Nord,13b
1989,10,Acilia Nord,13b
1990,10,Acilia Nord,13b
1991,10,Acilia Nord,13b
1992,10,Acilia Nord,13b
1993,10,Acilia Nord,13b
1994,10,Acilia Nord,13b
1995,10,Acilia Nord,13b
1996,10,Acilia Nord,13b
1997,10,Acilia Nord,13b
1998,10,Malafede,13a
1999,10,Ponte Galeria,15g
2000,10,Malafede,13a
2001,10,Castel Porziano,13x
2002,10,Malafede,13a
2003,10,Acilia Sud,13c
2004,10,Acilia Sud,13c
2005,10,Malafede,13a
2006,10,Acilia Sud,13c
2007,10,Acilia Sud,13c
2008,10,Acilia Sud,13c
2009,10,Acilia Sud,13c
2010,10,Acilia Sud,13c
2011,10,Acilia Sud,13c
2012,10,Acilia Sud,13c
2013,10,Acilia Sud,13c
2014,10,Acilia Sud,13c
2015,10,Palocco,13d
2016,10,Acilia Sud,13c
2017,10,Palocco,13d
2018,10,Malafede,13a
2019,10,Malafede,13a
2020,10,Palocco,13d
2021,10,Palocco,13d
2022,10,Palocco,13d
2023,10,Palocco,13d
2024,10,Malafede,13a
2025,10,Palocco,13d
2026,10,Acilia Sud,13c
2027,10,Acilia Sud,13c
2028,10,Acilia Sud,13c
2029,10,Acilia Sud,13c
2030,10,Acilia Sud,13c
2031,10,Acilia Sud,13c
2032,10,Acilia Sud,13c
2033,10,Palocco,13d
2034,10,Palocco,13d
2035,10,Palocco,13d
2036,10,Palocco,13d
2037,10,Palocco,13d
2038,10,Palocco,13d
2039,10,Palocco,13d
2040,10,Palocco,13d
2041,10,Palocco,13d
2042,10,Palocco,13d
2043,10,Palocco,13d
2044,10,Palocco,13d
2045,10,Palocco,13d
2046,10,Ostia Antica,13e
2047,10,Ostia Antica,13e
2048,10,Ostia Antica,13e
2049,10,Ostia Sud,13g
2050,10,Ostia Sud,13g
2051,10,Ostia Antica,13e
2052,10,Ostia Antica,13e
2053,10,Ostia Antica,13e
2054,10,Ostia Antica,13e
2055,10,Ostia Antica,13e
2056,10,Ostia Antica,13e
2057,11,Magliana,15e
2058,11,Ponte Galeria,15g
2059,11,Ponte Galeria,15g
2060,11,Ponte Galeria,15g
2061,11,Ponte Galeria,15g
2062,11,Ponte Galeria,15g
2063,11,Ponte Galeria,15g
2064,12,Pisana,16c
2065,13,Boccea,18f
2066,13,Boccea,18f
2067,13,Boccea,18f
2068,12,Pantano di Grano,16f
2069,12,Massimina,16e
2070,12,Massimina,16e
2071,12,Massimina,16e
2072,12,Pantano di Grano,16f
2073,12,Pantano di Grano,16f
2074,12,Pantano di Grano,16f
2075,12,Pantano di Grano,16f
2076,13,Casalotti di Boccea,18e
2077,13,Casalotti di Boccea,18e
2078,14,Castelluccia,19g
2079,14,Castelluccia,19g
2080,14,Castelluccia,19g
2081,14,Castelluccia,19g
2082,14,Castelluccia,19g
2083,14,Castelluccia,19g
2084,14,Castelluccia,19g
2085,14,Castelluccia,19g
2086,13,Casalotti di Boccea,18e
2087,13,Casalotti di Boccea,18e
2088,13,Boccea,18f
2089,13,Casalotti di Boccea,18e
2090,13,Boccea,18f
2091,13,Casalotti di Boccea,18e
2092,13,Casalotti di Boccea,18e
2093,13,Casalotti di Boccea,18e
2094,13,Casalotti di Boccea,18e
2095,13,Boccea,18f
2096,13,Boccea,18f
2097,13,Boccea,18f
2098,13,Boccea,18f
2099,14,Castelluccia,19g
2100,14,Castelluccia,19g
2101,14,Castelluccia,19g
2102,14,Castelluccia,19g
2103,1,Centro Storico,1a
2104,14,S. Maria della Pietà ,19d
2105,1,XX Settembre,1f
2106,1,Centro Storico,1a
2107,1,Centro Storico,1a
2108,1,Centro Storico,1a
2109,1,Centro Storico,1a
2110,6,S. Vittorino,8h
2111,1,Centro Storico,1a
2112,1,Centro Storico,1a
2113,1,Centro Storico,1a
2114,1,Centro Storico,1a
2115,1,Centro Storico,1a
2116,1,Centro Storico,1a
2117,1,Centro Storico,1a
2118,1,Centro Storico,1a
2119,1,Centro Storico,1a
2120,1,Centro Storico,1a
2121,1,Prati,17a
2122,1,Prati,17a
2123,1,Prati,17a
2124,1,Prati,17a
2125,1,Prati,17a
2126,1,Prati,17a
2127,1,Prati,17a
2128,1,Prati,17a
2129,1,Prati,17a
2130,1,Prati,17a
2131,1,Prati,17a
2132,1,Prati,17a
2133,1,Prati,17a
2134,1,Prati,17a
2135,1,Prati,17a
2136,2,Flaminio,2c
2137,2,Flaminio,2c
2138,2,Villaggio Olimpico,2a
2139,2,Flaminio,2c
2140,2,Flaminio,2c
2141,2,Flaminio,2c
2142,2,Flaminio,2c
2143,2,Flaminio,2c
2144,2,Flaminio,2c
2145,2,Flaminio,2c
2146,2,Flaminio,2c
2147,2,Villaggio Olimpico,2a
2148,2,Villaggio Olimpico,2a
2149,2,Villaggio Olimpico,2a
2150,2,Villaggio Olimpico,2a
2151,2,Villa Ada,2y
2152,2,Parioli,2b
2153,2,Parioli,2b
2154,2,Parioli,2b
2155,2,Parioli,2b
2156,2,Parioli,2b
2157,2,Villa Ada,2y
2158,2,Salario,2d
2159,2,Salario,2d
2160,2,Parioli,2b
2161,2,Parioli,2b
2162,2,Parioli,2b
2163,2,Parioli,2b
2164,2,Parioli,2b
2165,2,Parioli,2b
2166,2,Parioli,2b
2167,2,Parioli,2b
2168,2,Parioli,2b
2169,2,Parioli,2b
2170,2,Parioli,2b
2171,2,Villa Borghese,2x
2172,2,Salario,2d
2173,2,Salario,2d
2174,2,Salario,2d
2175,2,Salario,2d
2176,2,Salario,2d
2177,2,Salario,2d
2178,2,Salario,2d
2179,2,Salario,2d
2180,2,Salario,2d
2181,2,Salario,2d
2182,2,Salario,2d
2183,1,Della Vittoria,17b
2184,1,Della Vittoria,17b
2185,10,Palocco,13d
2186,1,Della Vittoria,17b
2187,1,Della Vittoria,17b
2188,10,Palocco,13d
2189,1,Della Vittoria,17b
2190,1,Della Vittoria,17b
2191,1,Della Vittoria,17b
2192,1,Della Vittoria,17b
2193,1,Della Vittoria,17b
2194,1,Della Vittoria,17b
2195,1,Della Vittoria,17b
2196,1,Della Vittoria,17b
2197,1,Della Vittoria,17b
2198,1,Della Vittoria,17b
2199,1,Della Vittoria,17b
2200,1,Della Vittoria,17b
2201,1,Della Vittoria,17b
2202,1,Della Vittoria,17b
2203,1,Della Vittoria,17b
2204,1,Della Vittoria,17b
2205,1,Della Vittoria,17b
2206,1,Della Vittoria,17b
2207,1,Della Vittoria,17b
2208,1,Della Vittoria,17b
2209,1,Della Vittoria,17b
2210,1,Della Vittoria,17b
2211,1,Della Vittoria,17b
2212,1,Della Vittoria,17b
2213,1,Della Vittoria,17b
2214,15,Foro Italico,20x
2215,15,Farnesina,20d
2216,15,Farnesina,20d
2217,15,Farnesina,20d
2218,15,Farnesina,20d
2219,15,Farnesina,20d
2220,15,Farnesina,20d
2221,15,Farnesina,20d
2222,15,Farnesina,20d
2223,15,Farnesina,20d
2224,15,Foro Italico,20x
2225,15,Tor di Quinto,20a
2226,15,Tor di Quinto,20a
2227,15,Tor di Quinto,20a
2228,15,Tor di Quinto,20a
2229,15,Tor di Quinto,20a
2230,15,Tor di Quinto,20a
2231,15,Tor di Quinto,20a
2232,15,Tor di Quinto,20a
2233,15,Tor di Quinto,20a
2234,15,Tor di Quinto,20a
2235,15,Tor di Quinto,20a
2236,14,S. Maria della Pietà ,19d
2237,15,Tor di Quinto,20a
2238,15,Tor di Quinto,20a
2239,15,Grottarossa Ovest,20e
2240,15,Farnesina,20d
2241,15,Farnesina,20d
2242,15,Farnesina,20d
2243,15,Farnesina,20d
2244,15,Farnesina,20d
2245,15,Farnesina,20d
2246,13,Val Cannuta,18b
2247,13,Val Cannuta,18b
2248,13,Val Cannuta,18b
2249,13,Val Cannuta,18b
2250,14,Primavalle,19b
2251,14,Primavalle,19b
2252,13,Val Cannuta,18b
2253,14,Primavalle,19b
2254,14,Primavalle,19b
2255,14,Primavalle,19b
2256,14,Primavalle,19b
2257,10,Acilia Sud,13c
2258,14,Primavalle,19b
2259,13,Val Cannuta,18b
2260,13,Val Cannuta,18b
2261,13,Val Cannuta,18b
2262,13,Val Cannuta,18b
2263,13,Val Cannuta,18b
2264,13,Val Cannuta,18b
2265,13,Val Cannuta,18b
2266,13,Val Cannuta,18b
2267,13,Val Cannuta,18b
2268,13,Val Cannuta,18b
2269,13,Val Cannuta,18b
2270,13,Val Cannuta,18b
2271,14,Primavalle,19b
2272,14,Primavalle,19b
2273,14,Primavalle,19b
2274,14,Primavalle,19b
2275,14,Castelluccia,19g
2276,11,Ponte Galeria,15g
2277,14,Primavalle,19b
2278,14,Primavalle,19b
2279,14,Primavalle,19b
2280,12,Pantano di Grano,16f
2281,14,Primavalle,19b
2282,14,Primavalle,19b
2283,14,Primavalle,19b
2284,14,Primavalle,19b
2285,14,Boccea,18f
2286,14,Primavalle,19b
2287,14,Primavalle,19b
2288,14,Primavalle,19b
2289,14,Primavalle,19b
2290,14,Primavalle,19b
2291,13,Fogaccia,18c
2292,13,Fogaccia,18c
2293,13,Fogaccia,18c
2294,13,Fogaccia,18c
2295,14,Primavalle,19b
2296,14,Primavalle,19b
2297,14,Primavalle,19b
2298,14,Primavalle,19b
2299,14,Primavalle,19b
2300,14,Primavalle,19b
2301,4,Settecamini,5l
2302,14,Primavalle,19b
2303,14,Medaglie d' Oro,19a
2304,14,Primavalle,19b
2305,14,Primavalle,19b
2306,14,Primavalle,19b
2307,14,Primavalle,19b
2308,14,Primavalle,19b
2309,14,Primavalle,19b
2310,14,Primavalle,19b
2311,14,Primavalle,19b
2312,14,Primavalle,19b
2313,14,Primavalle,19b
2314,14,Primavalle,19b
2315,14,Primavalle,19b
2316,14,Primavalle,19b
2317,14,Primavalle,19b
2318,14,Primavalle,19b
2319,14,Primavalle,19b
2320,14,Primavalle,19b
2321,14,Primavalle,19b
2322,14,Castelluccia,19g
2323,14,Primavalle,19b
2324,14,Primavalle,19b
2325,14,Primavalle,19b
2326,14,S. Maria della Pietà ,19d
2327,14,Primavalle,19b
2328,14,Primavalle,19b
2329,14,Primavalle,19b
2330,14,Primavalle,19b
2331,14,S. Maria della Pietà ,19d
2332,14,Primavalle,19b
2333,14,Primavalle,19b
2334,14,Primavalle,19b
2335,14,Primavalle,19b
2336,15,Tomba di Nerone,20c
2337,15,Tomba di Nerone,20c
2338,15,Grottarossa Ovest,20e
2339,15,Grottarossa Ovest,20e
2340,13,Fogaccia,18c
2341,13,S. Maria della Pietà ,19d
2342,13,Fogaccia,18c
2343,13,Fogaccia,18c
2344,13,Fogaccia,18c
2345,13,Fogaccia,18c
2346,13,Fogaccia,18c
2347,14,S. Maria della Pietà ,19d
2348,14,S. Maria della Pietà ,19d
2349,14,S. Maria della Pietà ,19d
2350,4,S. Alessandro,5i
2351,14,S. Maria della Pietà ,19d
2352,14,Ottavia,19c
2353,15,Farnesina,20d
2354,14,Medaglie d' Oro,19a
2355,14,Medaglie d' Oro,19a
2356,14,Medaglie d' Oro,19a
2357,14,Medaglie d' Oro,19a
2358,14,Medaglie d' Oro,19a
2359,15,Acquatraversa,20b
2360,15,Acquatraversa,20b
2361,15,Acquatraversa,20b
2362,15,Acquatraversa,20b
2363,15,Acquatraversa,20b
2364,15,Acquatraversa,20b
2365,15,Acquatraversa,20b
2366,14,Medaglie d' Oro,19a
2367,14,Medaglie d' Oro,19a
2368,14,Trionfale,19e
2369,14,Trionfale,19e
2370,14,Trionfale,19e
2371,14,Trionfale,19e
2372,14,Trionfale,19e
2373,14,Trionfale,19e
2374,14,Trionfale,19e
2375,14,Trionfale,19e
2376,14,Trionfale,19e
2377,14,Trionfale,19e
2378,14,Trionfale,19e
2379,14,Trionfale,19e
2380,14,Trionfale,19e
2381,14,Trionfale,19e
2382,14,S. Maria di Galeria,19h
2383,14,S. Maria di Galeria,19h
2384,14,S. Maria di Galeria,19h
2385,14,S. Maria della Pietà ,19d
2386,14,S. Maria della Pietà ,19d
2387,14,S. Maria della Pietà ,19d
2388,14,S. Maria della Pietà ,19d
2389,14,S. Maria della Pietà ,19d
2390,14,S. Maria della Pietà ,19d
2391,14,S. Maria della Pietà ,19d
2392,14,S. Maria della Pietà ,19d
2393,14,S. Maria della Pietà ,19d
2394,14,Ottavia,19c
2395,14,Ottavia,19c
2396,14,S. Maria della Pietà ,19d
2397,14,Ottavia,19c
2398,14,Ottavia,19c
2399,14,Ottavia,19c
2400,14,Ottavia,19c
2401,14,Ottavia,19c
2402,14,Castelluccia,19g
2403,14,Castelluccia,19g
2404,15,Giustiniana,20g
2405,15,S. Cornelia,20i
2406,15,La Storta,20h
2407,15,La Storta,20h
2408,15,La Storta,20h
2409,15,La Storta,20h
2410,15,La Storta,20h
2411,15,La Storta,20h
2412,15,La Storta,20h
2413,15,La Storta,20h
2414,15,La Storta,20h
2415,15,La Storta,20h
2416,15,La Storta,20h
2417,15,La Storta,20h
2418,15,La Storta,20h
2419,15,Cesano,20n
2420,15,Cesano,20n
2421,15,Cesano,20n
2422,15,Cesano,20n
2423,15,Cesano,20n
2424,15,Martignano,20o
2425,15,Cesano,20n
2426,15,Cesano,20n
2427,14,Ottavia,19c
2428,14,Ottavia,19c
2429,14,Ottavia,19c
2430,14,Ottavia,19c
2431,14,Ottavia,19c
2432,14,Ottavia,19c
2433,14,Ottavia,19c
2434,15,Tomba di Nerone,20c
2435,15,Tomba di Nerone,20c
2436,15,Tomba di Nerone,20c
2437,15,Tomba di Nerone,20c
2438,15,Tomba di Nerone,20c
2439,15,Tomba di Nerone,20c
2440,15,Tomba di Nerone,20c
2441,15,Tomba di Nerone,20c
2442,15,Tomba di Nerone,20c
2443,15,Tomba di Nerone,20c
2444,15,Tomba di Nerone,20c
2445,15,Tomba di Nerone,20c
2446,15,Tomba di Nerone,20c
2447,15,Tomba di Nerone,20c
2448,15,Tomba di Nerone,20c
2449,15,Grottarossa Ovest,20e
2450,15,Tomba di Nerone,20c
2451,15,Tomba di Nerone,20c
2452,15,Tomba di Nerone,20c
2453,15,Tomba di Nerone,20c
2454,15,Grottarossa Ovest,20e
2455,15,Tomba di Nerone,20c
2456,15,Grottarossa Ovest,20e
2457,15,Tomba di Nerone,20c
2458,15,Tomba di Nerone,20c
2459,15,Tomba di Nerone,20c
2460,15,Tomba di Nerone,20c
2461,15,Tomba di Nerone,20c
2462,15,Trionfale,19e
2463,15,Tomba di Nerone,20c
2464,15,Tomba di Nerone,20c
2465,15,Giustiniana,20g
2466,15,Giustiniana,20g
2467,15,Giustiniana,20g
2468,15,Giustiniana,20g
2469,15,Giustiniana,20g
2470,15,Giustiniana,20g
2471,15,S. Cornelia,20i
2472,15,Giustiniana,20g
2473,15,Giustiniana,20g
2474,15,Giustiniana,20g
2475,15,La Storta,20h
2476,15,S. Cornelia,20i
2477,15,La Storta,20h
2478,15,Grottarossa Ovest,20e
2479,15,Grottarossa Ovest,20e
2480,15,Labaro,20m
2481,15,Labaro,20m
2482,15,S. Cornelia,20i
2483,15,Labaro,20m
2484,15,Labaro,20m
2485,15,Labaro,20m
2486,15,Labaro,20m
2487,15,Labaro,20m
2488,15,Labaro,20m
2489,15,Labaro,20m
2490,15,Labaro,20m
2491,15,Labaro,20m
2492,15,Labaro,20m
2493,15,Labaro,20m
2494,15,Labaro,20m
2495,15,Labaro,20m
2496,15,Labaro,20m
2497,15,Labaro,20m
2498,15,S. Cornelia,20i
2499,15,Prima Porta,20l
2500,15,Labaro,20m
2501,15,Labaro,20m
2502,15,Labaro,20m
2503,15,Prima Porta,20l
2504,15,S. Cornelia,20i
2505,15,Prima Porta,20l
2506,15,S. Cornelia,20i
2507,15,Prima Porta,20l
2508,15,Labaro,20m
2509,15,S. Cornelia,20i
2510,6,Lunghezza,8e
2511,9,Vallerano Castel di Leva,12h
2512,8,Tormarancia,11e
2513,9,Cecchignola,12e
2514,9,Torrino,12c
2515,10,Infernetto,13i
2516,10,Malafede,13a
2517,14,S. Maria della Pietà ,19d
2518,1,Esquilino,1e
2519,1,Esquilino,1e
2520,4,Tiburtino Nord,5c
2521,3,Serpentara,4e
2522,3,Settebagni,4m
2523,4,S. Alessandro,5i
2524,5,La Rustica,7d
2525,7,Don Bosco,10a
2526,7,Osteria del Curato,10f
2527,7,Barcaccia,10i
2528,9,Vallerano Castel di Leva,12h
2529,9,Vallerano Castel di Leva,12h
2530,12,Gianicolense,16d
2531,8,Grottaperfetta,11g
2532,10,Malafede,13a
2533,13,Fogaccia,18c
2534,14,Ottavia,19c
2535,2,Università ,3x
2536,10,Ostia Antica,13e
2537,8,Appia Antica Sud,11y
2538,10,Ostia Antica,13e
2539,3,Serpentara,4e
2540,6,Acqua Vergine,8d
2541,6,Lunghezza,8e
2542,6,Lunghezza,8e
2543,7,Morena,10l
2544,7,Lucrezia Romana,10e
2545,7,Lucrezia Romana,10e
2546,9,Vallerano Castel di Leva,12h
2547,13,Fogaccia,18c
2548,10,Infernetto,13i
2549,11,Magliana,15e
2550,13,Boccea,18f
2551,14,S. Maria della Pietà ,19d
2552,10,Ostia Antica,13e
2553,11,Magliana,15e
2554,12,Massimina,16e
2555,6,Lunghezza,8e
2556,10,Acilia Nord,13b
2557,6,S. Vittorino,8h
2558,6,Lunghezza,8e
2559,6,Lunghezza,8e
2560,10,Infernetto,13i
2561,9,Mezzocammino,12f
2562,3,Serpentara,4e
2563,3,Serpentara,4e
2564,3,Casal Boccone,4f
2565,7,Morena,10l
2566,9,Vallerano Castel di Leva,12h
2567,14,Castelluccia,19g
2568,11,Corviale,15f
2569,2,Università ,3x
2570,2,Università ,3x
2571,2,Università ,3x
2572,4,Tiburtino Nord,5c
2573,5,Casilino,6b
2574,1,Celio,1g
2575,1,Celio,1g
2576,1,Centro Storico,1a
2578,6,Giardinetti-Tor Vergata,8c
2579,9,Vallerano Castel di Leva,12h
2580,12,Colli Portuensi,16a
2581,12,Colli Portuensi,16a
2582,12,Colli Portuensi,16a
2583,8,Grottaperfetta,11g
2584,9,Eur,12a
2585,9,Torrino,12c
2586,13,Aurelio Sud,18a
2587,14,Medaglie d' Oro,19a
2588,14,Medaglie d' Oro,19a
2589,14,Medaglie d' Oro,19a
2590,14,Pineto,19f
2591,10,Ostia Sud,13g
2592,12,Buon Pastore,16b
2593,11,Corviale,15f
2595,13,Val Cannuta,18b
2596,13,Val Cannuta,18b
2597,11,Magliana,15e
2598,15,Tomba di Nerone,20c
2599,14,Ottavia,19c
2600,15,Grottarossa Ovest,20e
